candidate_id,dataset,dataset_version,split,detector,angle_head_coder,backbone,seed,checkpoint_alias,checkpoint_present,checkpoint_bytes,checkpoint_sha256,checkpoint_source,checkpoint_selection_rule,config_alias,config_bytes,config_sha256,log_alias,log_bytes,log_sha256,framework,framework_commit,code_license,code_license_sha256,dataset_license,evaluator,tile_merge_nms,full_split_present,all_image_count,empty_gt_images_verified,complete_gt_verified,class_mapping_verified,angle_convention_verified,mother_scene_mapping_verified,split_aggregate_hash,raw_to_final_persistence,tta_availability,prior_outcome_exposure,protocol_participation,outcome_exposure_evidence,protocol_evidence,independence_tier,neutral_sort_key,first_failed_gate,gate_status,estimated_gpu_hours,estimated_disk_gb,official_url,public_checksum,notes
ARS-DETR_DIOR-R/16,DIOR-R,UNVERIFIED,reported full-val / audited actual identity,ARS-DETR,registered historical head,registered historical backbone,registered,external_baseline_library/registered_baseline,False,0,,historical pth_data registration; library absent on current server,historical detector criterion; exact source unavailable,,0,,,0,,historical,UNVERIFIED,UNVERIFIED,,UNVERIFIED_DATASET_NOT_PRESENT,historical evaluator,UNVERIFIED,False,5863,False,False,False,False,False,,NOT_COMPLETE,UNVERIFIED,True,False,known 5863-image legacy universe; prior NRC inspected,original A6 provenance audit,EXCLUDED,,PRIOR_OUTCOME_EXPOSURE,EXCLUDED,NOT_ESTIMATED_AFTER_EXCLUSION,NOT_ESTIMATED_AFTER_EXCLUSION,,,known 5863-image legacy universe; prior NRC inspected; historical unit tag /16; pth_data and dataset store unavailable on current server
ARS-DETR_DOTA-v1.0/14,DOTA-v1.0,v1.0,reported full-val / audited actual identity,ARS-DETR,registered historical head,registered historical backbone,registered,external_baseline_library/registered_baseline,False,0,,historical pth_data registration; library absent on current server,historical detector criterion; exact source unavailable,,0,,,0,,historical,UNVERIFIED,UNVERIFIED,,UNVERIFIED_DATASET_NOT_PRESENT,historical evaluator,UNVERIFIED,False,0,False,False,False,False,False,,NOT_COMPLETE,UNVERIFIED,False,False,manifest points only to vanished /dev/shm raw/schema; not persistent,original A6 provenance audit,EXCLUDED,,CHECKPOINT_AND_FULL_UNIVERSE_MISSING,EXCLUDED,NOT_ESTIMATED_AFTER_EXCLUSION,NOT_ESTIMATED_AFTER_EXCLUSION,,,manifest points only to vanished /dev/shm raw/schema; not persistent; historical unit tag /14; pth_data and dataset store unavailable on current server
DIOR-R|registered|RotatedRetinaNet|CSL|seed0|961910ce16b8,DIOR-R,registered,trainval -> test,RotatedRetinaNet,CSL,ResNet-50-FPN,0,top_journal_v3_reaudit_055/work_dirs/k2/K2_final__CSL__DIOR-R__seed0/best_dota_mAP_epoch_11.pth,True,156854186,961910ce16b8af14396f5b6dac14befee5937a0e8dd5cfdd2fb7811a8d65e816,project-trained existing asset,best detector mAP checkpoint; target risk not used for checkpoint selection,top_journal_v3_reaudit_055/work_dirs/k2/K2_final__CSL__DIOR-R__seed0/csl_dior_seed0.py,12626,18bffad2ee5fe4f53ca874a72cea328a42e5adad2dfb9d2a5b753979e851c59c,top_journal_v3_reaudit_055/work_dirs/k2/K2_final__CSL__DIOR-R__seed0/20260709_093420/20260709_093420.log,326927,c62aaf2f0d59809b5b727c8e32a995f72c24fff7ed1a14668140d0ca6798f54b,mmrotate_1x,3ff004eb21ea040455b5585db229edba4037f1bf,Apache-2.0 repository license,c71d239df91726fc519c6eb72d318ec65820627232b2f796219e87dcf35d0ab4,UNVERIFIED_DATASET_NOT_PRESENT,historical full evaluator exists but candidate excluded before evaluator gate,NOT_EVALUATED_AFTER_EARLY_EXCLUSION,False,0,False,False,False,False,False,,NOT_EVALUATED_AFTER_EARLY_EXCLUSION,NOT_EVALUATED; frozen missing-TTA policy would apply,False,True,K2 full-converged angle-head and native-score outcomes,K2 score-direction/native-signal design,EXCLUDED,,PRIOR_OUTCOME_OR_PROTOCOL_PARTICIPATION,EXCLUDED,NOT_ESTIMATED_AFTER_EXCLUSION,NOT_ESTIMATED_AFTER_EXCLUSION,,,dataset store is empty on this server; no outcome file was opened
DIOR-R|registered|RotatedRetinaNet|CSL|seed1|fc04a60988b2,DIOR-R,registered,trainval -> test,RotatedRetinaNet,CSL,ResNet-50-FPN,1,top_journal_v3_reaudit_055/work_dirs/k2/K2_final__CSL__DIOR-R__seed1/best_dota_mAP_epoch_11.pth,True,156852842,fc04a60988b2dc17bdcc30d44de9665a7a847470f9ea75345f65b17cec359875,project-trained existing asset,best detector mAP checkpoint; target risk not used for checkpoint selection,top_journal_v3_reaudit_055/work_dirs/k2/K2_final__CSL__DIOR-R__seed1/csl_dior_seed0.py,12626,4c71b7058f712702f1d09e604fbf31cff2447a33816c4f6cc51994323566549f,top_journal_v3_reaudit_055/work_dirs/k2/K2_final__CSL__DIOR-R__seed1/20260710_083803/20260710_083803.log,327919,ce525e834c698a534c2c0dac3b74cd1cfd0f3bb32bf0ee2621a1662eaac8dc64,mmrotate_1x,3ff004eb21ea040455b5585db229edba4037f1bf,Apache-2.0 repository license,c71d239df91726fc519c6eb72d318ec65820627232b2f796219e87dcf35d0ab4,UNVERIFIED_DATASET_NOT_PRESENT,historical full evaluator exists but candidate excluded before evaluator gate,NOT_EVALUATED_AFTER_EARLY_EXCLUSION,False,0,False,False,False,False,False,,NOT_EVALUATED_AFTER_EARLY_EXCLUSION,NOT_EVALUATED; frozen missing-TTA policy would apply,False,True,K2 full-converged angle-head and native-score outcomes,K2 score-direction/native-signal design,EXCLUDED,,PRIOR_OUTCOME_OR_PROTOCOL_PARTICIPATION,EXCLUDED,NOT_ESTIMATED_AFTER_EXCLUSION,NOT_ESTIMATED_AFTER_EXCLUSION,,,dataset store is empty on this server; no outcome file was opened
DIOR-R|registered|RotatedRetinaNet|CSL|seed2|a85861553e52,DIOR-R,registered,trainval -> test,RotatedRetinaNet,CSL,ResNet-50-FPN,2,top_journal_v3_reaudit_055/work_dirs/k2/K2_final__CSL__DIOR-R__seed2/best_dota_mAP_epoch_11.pth,True,156851050,a85861553e52c55b1bf48ef41ffa2fefa89ee322e3a7b122d576c27bc6825d1f,project-trained existing asset,best detector mAP checkpoint; target risk not used for checkpoint selection,top_journal_v3_reaudit_055/work_dirs/k2/K2_final__CSL__DIOR-R__seed2/csl_dior_seed0.py,12626,edf6d709cf008e05d72beb206e774659721538a9548e06b12507b8d9dc9d7b6d,top_journal_v3_reaudit_055/work_dirs/k2/K2_final__CSL__DIOR-R__seed2/20260710_142751/20260710_142751.log,327560,00480c572b321371c227bf996c9261bf949ad17b31a96d4f706a8ee75287a6c8,mmrotate_1x,3ff004eb21ea040455b5585db229edba4037f1bf,Apache-2.0 repository license,c71d239df91726fc519c6eb72d318ec65820627232b2f796219e87dcf35d0ab4,UNVERIFIED_DATASET_NOT_PRESENT,historical full evaluator exists but candidate excluded before evaluator gate,NOT_EVALUATED_AFTER_EARLY_EXCLUSION,False,0,False,False,False,False,False,,NOT_EVALUATED_AFTER_EARLY_EXCLUSION,NOT_EVALUATED; frozen missing-TTA policy would apply,False,True,K2 full-converged angle-head and native-score outcomes,K2 score-direction/native-signal design,EXCLUDED,,PRIOR_OUTCOME_OR_PROTOCOL_PARTICIPATION,EXCLUDED,NOT_ESTIMATED_AFTER_EXCLUSION,NOT_ESTIMATED_AFTER_EXCLUSION,,,dataset store is empty on this server; no outcome file was opened
DIOR-R|registered|RotatedRetinaNet|DCL|seed0|719290fb5cd4,DIOR-R,registered,trainval -> test,RotatedRetinaNet,DCL,ResNet-50-FPN,0,top_journal_v3_reaudit_055/work_dirs/k2/K2_final__DCL__DIOR-R__seed0/best_dota_mAP_epoch_12.pth,True,154292778,719290fb5cd4041074c11e4e8c8a299405415f85a9bb7c6f5097bd2014053bda,project-trained existing asset,best detector mAP checkpoint; target risk not used for checkpoint selection,top_journal_v3_reaudit_055/work_dirs/k2/K2_final__DCL__DIOR-R__seed0/dcl_dior_seed0.py,12647,3bc3dc0e10d7e3a37b3b5c5d12c3ebef47b06590177bedefa15bf42f1ed5d1ab,top_journal_v3_reaudit_055/work_dirs/k2/K2_final__DCL__DIOR-R__seed0/20260709_173916/20260709_173916.log,328822,c53f020b7b57bdb7f514bc69447fce53d7cf1ed54acdfe5ee38bcc90eb75df47,mmrotate_1x,3ff004eb21ea040455b5585db229edba4037f1bf,Apache-2.0 repository license,c71d239df91726fc519c6eb72d318ec65820627232b2f796219e87dcf35d0ab4,UNVERIFIED_DATASET_NOT_PRESENT,historical full evaluator exists but candidate excluded before evaluator gate,NOT_EVALUATED_AFTER_EARLY_EXCLUSION,False,0,False,False,False,False,False,,NOT_EVALUATED_AFTER_EARLY_EXCLUSION,NOT_EVALUATED; frozen missing-TTA policy would apply,False,True,K2 full-converged angle-head and native-score outcomes,K2 score-direction/native-signal design,EXCLUDED,,PRIOR_OUTCOME_OR_PROTOCOL_PARTICIPATION,EXCLUDED,NOT_ESTIMATED_AFTER_EXCLUSION,NOT_ESTIMATED_AFTER_EXCLUSION,,,dataset store is empty on this server; no outcome file was opened
DIOR-R|registered|RotatedRetinaNet|DCL|seed1|c7b383471580,DIOR-R,registered,trainval -> test,RotatedRetinaNet,DCL,ResNet-50-FPN,1,top_journal_v3_reaudit_055/work_dirs/k2/K2_final__DCL__DIOR-R__seed1/best_dota_mAP_epoch_12.pth,True,154286250,c7b383471580db962b5111d6b9d4c3cbf90415c4be08918a5fab77d372b3b101,project-trained existing asset,best detector mAP checkpoint; target risk not used for checkpoint selection,top_journal_v3_reaudit_055/work_dirs/k2/K2_final__DCL__DIOR-R__seed1/dcl_dior_seed0.py,12647,3619c840a3225e9c51bcd3c7f2e54f84ed4b0f213e25498695e667dbe24dab42,top_journal_v3_reaudit_055/work_dirs/k2/K2_final__DCL__DIOR-R__seed1/20260711_055809/20260711_055809.log,328453,9e4622623ce75eb111b530b2e9033dfbe2a38c5ce0da85f07731a6d78640c72c,mmrotate_1x,3ff004eb21ea040455b5585db229edba4037f1bf,Apache-2.0 repository license,c71d239df91726fc519c6eb72d318ec65820627232b2f796219e87dcf35d0ab4,UNVERIFIED_DATASET_NOT_PRESENT,historical full evaluator exists but candidate excluded before evaluator gate,NOT_EVALUATED_AFTER_EARLY_EXCLUSION,False,0,False,False,False,False,False,,NOT_EVALUATED_AFTER_EARLY_EXCLUSION,NOT_EVALUATED; frozen missing-TTA policy would apply,False,True,K2 full-converged angle-head and native-score outcomes,K2 score-direction/native-signal design,EXCLUDED,,PRIOR_OUTCOME_OR_PROTOCOL_PARTICIPATION,EXCLUDED,NOT_ESTIMATED_AFTER_EXCLUSION,NOT_ESTIMATED_AFTER_EXCLUSION,,,dataset store is empty on this server; no outcome file was opened
DIOR-R|registered|RotatedRetinaNet|DCL|seed2|ed7863c20998,DIOR-R,registered,trainval -> test,RotatedRetinaNet,DCL,ResNet-50-FPN,2,top_journal_v3_reaudit_055/work_dirs/k2/K2_final__DCL__DIOR-R__seed2/best_dota_mAP_epoch_12.pth,True,154289898,ed7863c20998b6566dfa0c845e269d17bb76660c446b7fc688dc91569f043dc6,project-trained existing asset,best detector mAP checkpoint; target risk not used for checkpoint selection,top_journal_v3_reaudit_055/work_dirs/k2/K2_final__DCL__DIOR-R__seed2/dcl_dior_seed0.py,12646,4a730794940b22d83e6be5c0b64cf9e56929f1c423352dd77f54c5ea3ae2f3d0,top_journal_v3_reaudit_055/work_dirs/k2/K2_final__DCL__DIOR-R__seed2/20260711_094124/20260711_094124.log,184273,2865a0629006b4d844b3bc1425ee23e75315f77bcfd294ce36d239371242b611,mmrotate_1x,3ff004eb21ea040455b5585db229edba4037f1bf,Apache-2.0 repository license,c71d239df91726fc519c6eb72d318ec65820627232b2f796219e87dcf35d0ab4,UNVERIFIED_DATASET_NOT_PRESENT,historical full evaluator exists but candidate excluded before evaluator gate,NOT_EVALUATED_AFTER_EARLY_EXCLUSION,False,0,False,False,False,False,False,,NOT_EVALUATED_AFTER_EARLY_EXCLUSION,NOT_EVALUATED; frozen missing-TTA policy would apply,False,True,K2 full-converged angle-head and native-score outcomes,K2 score-direction/native-signal design,EXCLUDED,,PRIOR_OUTCOME_OR_PROTOCOL_PARTICIPATION,EXCLUDED,NOT_ESTIMATED_AFTER_EXCLUSION,NOT_ESTIMATED_AFTER_EXCLUSION,,,dataset store is empty on this server; no outcome file was opened
DIOR-R|registered|RotatedRetinaNet|PSC|seed0|c92af20f3d0d,DIOR-R,registered,trainval -> test,RotatedRetinaNet,PSC,ResNet-50-FPN,0,top_journal_v3_reaudit_055/work_dirs/k2/K2_final__PSC__DIOR-R__seed0/best_dota_mAP_epoch_12.pth,True,154168682,c92af20f3d0dd5d736edaa6c42f73e9ff48cd587e8b696ee6608a5ba920949b9,project-trained existing asset,best detector mAP checkpoint; target risk not used for checkpoint selection,top_journal_v3_reaudit_055/work_dirs/k2/K2_final__PSC__DIOR-R__seed0/psc_dior_seed0.py,12528,53ebf7e5df3e2df8187a33ac1f6da47798b09389746a0a05334218944172eaf5,top_journal_v3_reaudit_055/work_dirs/k2/K2_final__PSC__DIOR-R__seed0/20260709_002523/20260709_002523.log,325955,381f22aa470a68f7282dc1d957c81e854fa3ea037fe5dfa5882792810335f061,mmrotate_1x,3ff004eb21ea040455b5585db229edba4037f1bf,Apache-2.0 repository license,c71d239df91726fc519c6eb72d318ec65820627232b2f796219e87dcf35d0ab4,UNVERIFIED_DATASET_NOT_PRESENT,historical full evaluator exists but candidate excluded before evaluator gate,NOT_EVALUATED_AFTER_EARLY_EXCLUSION,False,0,False,False,False,False,False,,NOT_EVALUATED_AFTER_EARLY_EXCLUSION,NOT_EVALUATED; frozen missing-TTA policy would apply,False,True,K2 full-converged angle-head and native-score outcomes,K2 score-direction/native-signal design,EXCLUDED,,PRIOR_OUTCOME_OR_PROTOCOL_PARTICIPATION,EXCLUDED,NOT_ESTIMATED_AFTER_EXCLUSION,NOT_ESTIMATED_AFTER_EXCLUSION,,,dataset store is empty on this server; no outcome file was opened
DIOR-R|registered|RotatedRetinaNet|PSC|seed1|805af3e4533c,DIOR-R,registered,trainval -> test,RotatedRetinaNet,PSC,ResNet-50-FPN,1,top_journal_v3_reaudit_055/work_dirs/k2/K2_final__PSC__DIOR-R__seed1/best_dota_mAP_epoch_12.pth,True,154169450,805af3e4533cb918f9fdc7566a861182039da809f34fdb06292b204f5b41ea7a,project-trained existing asset,best detector mAP checkpoint; target risk not used for checkpoint selection,top_journal_v3_reaudit_055/work_dirs/k2/K2_final__PSC__DIOR-R__seed1/psc_dior_seed0.py,12528,479d6c6c99edbecc9cf4e31ca268b04c3ca2e5ecd47a1862c3350f4f48ed8427,top_journal_v3_reaudit_055/work_dirs/k2/K2_final__PSC__DIOR-R__seed1/20260709_093310/20260709_093310.log,328516,e02892472f51736c3bdf26fbb898512b3db74f23afcfc5a49187e894bf06702a,mmrotate_1x,3ff004eb21ea040455b5585db229edba4037f1bf,Apache-2.0 repository license,c71d239df91726fc519c6eb72d318ec65820627232b2f796219e87dcf35d0ab4,UNVERIFIED_DATASET_NOT_PRESENT,historical full evaluator exists but candidate excluded before evaluator gate,NOT_EVALUATED_AFTER_EARLY_EXCLUSION,False,0,False,False,False,False,False,,NOT_EVALUATED_AFTER_EARLY_EXCLUSION,NOT_EVALUATED; frozen missing-TTA policy would apply,False,True,K2 full-converged angle-head and native-score outcomes,K2 score-direction/native-signal design,EXCLUDED,,PRIOR_OUTCOME_OR_PROTOCOL_PARTICIPATION,EXCLUDED,NOT_ESTIMATED_AFTER_EXCLUSION,NOT_ESTIMATED_AFTER_EXCLUSION,,,dataset store is empty on this server; no outcome file was opened
DIOR-R|registered|RotatedRetinaNet|PSC|seed2|dd1068986f47,DIOR-R,registered,trainval -> test,RotatedRetinaNet,PSC,ResNet-50-FPN,2,top_journal_v3_reaudit_055/work_dirs/k2/K2_final__PSC__DIOR-R__seed2/best_dota_mAP_epoch_12.pth,True,154169002,dd1068986f47a1e5040ac9b14b3de6332805c5e8331b867806d0084266b5ff35,project-trained existing asset,best detector mAP checkpoint; target risk not used for checkpoint selection,top_journal_v3_reaudit_055/work_dirs/k2/K2_final__PSC__DIOR-R__seed2/psc_dior_seed0.py,12528,a184f2824e422071083f2570ff865b888117c5e6c3e2c744d1c0fe7cf500dab8,top_journal_v3_reaudit_055/work_dirs/k2/K2_final__PSC__DIOR-R__seed2/20260709_145743/20260709_145743.log,328528,31bed29345926061d1056d08a1af845b21d16ee921eeebc848bb3152f1c734ed,mmrotate_1x,3ff004eb21ea040455b5585db229edba4037f1bf,Apache-2.0 repository license,c71d239df91726fc519c6eb72d318ec65820627232b2f796219e87dcf35d0ab4,UNVERIFIED_DATASET_NOT_PRESENT,historical full evaluator exists but candidate excluded before evaluator gate,NOT_EVALUATED_AFTER_EARLY_EXCLUSION,False,0,False,False,False,False,False,,NOT_EVALUATED_AFTER_EARLY_EXCLUSION,NOT_EVALUATED; frozen missing-TTA policy would apply,False,True,K2 full-converged angle-head and native-score outcomes,K2 score-direction/native-signal design,EXCLUDED,,PRIOR_OUTCOME_OR_PROTOCOL_PARTICIPATION,EXCLUDED,NOT_ESTIMATED_AFTER_EXCLUSION,NOT_ESTIMATED_AFTER_EXCLUSION,,,dataset store is empty on this server; no outcome file was opened
DIOR-R|registered|RotatedRetinaNet|direct_regression_le90|seed0|9121ae7940f3,DIOR-R,registered,trainval -> test,RotatedRetinaNet,direct_regression_le90,ResNet-50-FPN,0,top_journal_v3_reaudit_055/work_dirs/k2/K2_final__direct_regression_le90__DIOR-R__seed0/best_dota_mAP_epoch_7.pth,True,150643566,9121ae7940f364a7e8db24e185c32fb9f709d61f4fc464f0d075b3ed40d6c033,project-trained existing asset,best detector mAP checkpoint; target risk not used for checkpoint selection,top_journal_v3_reaudit_055/work_dirs/k2/K2_final__direct_regression_le90__DIOR-R__seed0/regression_dior_seed0.py,12335,ac24e7b1fee795d4122ea8b966d64e33c40fa05815cfcf9198609eed20b02a47,top_journal_v3_reaudit_055/work_dirs/k2/K2_final__direct_regression_le90__DIOR-R__seed0/20260711_211523/20260711_211523.log,308136,881433c3e4080639e749e4dc483990e6b7955c367de0702e81c2a25af0d07c7a,mmrotate_1x,3ff004eb21ea040455b5585db229edba4037f1bf,Apache-2.0 repository license,c71d239df91726fc519c6eb72d318ec65820627232b2f796219e87dcf35d0ab4,UNVERIFIED_DATASET_NOT_PRESENT,historical full evaluator exists but candidate excluded before evaluator gate,NOT_EVALUATED_AFTER_EARLY_EXCLUSION,False,0,False,False,False,False,False,,NOT_EVALUATED_AFTER_EARLY_EXCLUSION,NOT_EVALUATED; frozen missing-TTA policy would apply,False,True,K2 full-converged angle-head and native-score outcomes,K2 score-direction/native-signal design,EXCLUDED,,PRIOR_OUTCOME_OR_PROTOCOL_PARTICIPATION,EXCLUDED,NOT_ESTIMATED_AFTER_EXCLUSION,NOT_ESTIMATED_AFTER_EXCLUSION,,,dataset store is empty on this server; no outcome file was opened
DIOR-R|registered|RotatedRetinaNet|direct_regression_le90|seed1|3ce0cd835cf9,DIOR-R,registered,trainval -> test,RotatedRetinaNet,direct_regression_le90,ResNet-50-FPN,1,top_journal_v3_reaudit_055/work_dirs/k2/K2_final__direct_regression_le90__DIOR-R__seed1/best_dota_mAP_epoch_1.pth,True,147830702,3ce0cd835cf9f88dc6acc19bf08905f3a5b02cd1e513cb9137a9ed1767dbe28a,project-trained existing asset,best detector mAP checkpoint; target risk not used for checkpoint selection,top_journal_v3_reaudit_055/work_dirs/k2/K2_final__direct_regression_le90__DIOR-R__seed1/regression_dior_seed0.py,12335,a77042ca472357054778b887e400abe9b94f1d2a298292bef2b122b249d90ae1,top_journal_v3_reaudit_055/work_dirs/k2/K2_final__direct_regression_le90__DIOR-R__seed1/20260711_215626/20260711_215626.log,301990,6853891c8c57096a80d1c06838fcc1509a06f17e9612fd776794e68dc26d67c3,mmrotate_1x,3ff004eb21ea040455b5585db229edba4037f1bf,Apache-2.0 repository license,c71d239df91726fc519c6eb72d318ec65820627232b2f796219e87dcf35d0ab4,UNVERIFIED_DATASET_NOT_PRESENT,historical full evaluator exists but candidate excluded before evaluator gate,NOT_EVALUATED_AFTER_EARLY_EXCLUSION,False,0,False,False,False,False,False,,NOT_EVALUATED_AFTER_EARLY_EXCLUSION,NOT_EVALUATED; frozen missing-TTA policy would apply,False,True,K2 full-converged angle-head and native-score outcomes,K2 score-direction/native-signal design,EXCLUDED,,PRIOR_OUTCOME_OR_PROTOCOL_PARTICIPATION,EXCLUDED,NOT_ESTIMATED_AFTER_EXCLUSION,NOT_ESTIMATED_AFTER_EXCLUSION,,,dataset store is empty on this server; no outcome file was opened
DIOR-R|registered|RotatedRetinaNet|direct_regression_le90|seed2|2c8a0d1a2af9,DIOR-R,registered,trainval -> test,RotatedRetinaNet,direct_regression_le90,ResNet-50-FPN,2,top_journal_v3_reaudit_055/work_dirs/k2/K2_final__direct_regression_le90__DIOR-R__seed2/best_dota_mAP_epoch_1.pth,True,147829550,2c8a0d1a2af9221679e9c05a7fd37688ebeaac1511789255ab14e28822abb072,project-trained existing asset,best detector mAP checkpoint; target risk not used for checkpoint selection,top_journal_v3_reaudit_055/work_dirs/k2/K2_final__direct_regression_le90__DIOR-R__seed2/regression_dior_seed0.py,12335,f4ad2262acefa7907b002e85b058d03ef857719cce212efdaa518c353c030596,top_journal_v3_reaudit_055/work_dirs/k2/K2_final__direct_regression_le90__DIOR-R__seed2/20260711_215756/20260711_215756.log,302023,f0e3600ddfe8af72207dc9176ee36f09c8169f339c8817fca17b43279b5add88,mmrotate_1x,3ff004eb21ea040455b5585db229edba4037f1bf,Apache-2.0 repository license,c71d239df91726fc519c6eb72d318ec65820627232b2f796219e87dcf35d0ab4,UNVERIFIED_DATASET_NOT_PRESENT,historical full evaluator exists but candidate excluded before evaluator gate,NOT_EVALUATED_AFTER_EARLY_EXCLUSION,False,0,False,False,False,False,False,,NOT_EVALUATED_AFTER_EARLY_EXCLUSION,NOT_EVALUATED; frozen missing-TTA policy would apply,False,True,K2 full-converged angle-head and native-score outcomes,K2 score-direction/native-signal design,EXCLUDED,,PRIOR_OUTCOME_OR_PROTOCOL_PARTICIPATION,EXCLUDED,NOT_ESTIMATED_AFTER_EXCLUSION,NOT_ESTIMATED_AFTER_EXCLUSION,,,dataset store is empty on this server; no outcome file was opened
DOTA|v1.0|RHINO|positive Hungarian classification head|seed42|55a90abbace4,DOTA,v1.0,train -> val,RHINO,positive Hungarian classification head,ResNet-50,42,outputs/training/rhino/best_dota_mAP_epoch_35.pth,True,226394828,55a90abbace429276e593f8e4418fad002240ff1951912172367d997b474f9d9,project-trained existing asset,best detector mAP checkpoint; target risk not used for checkpoint selection,outputs/training/rhino/rhino_phc_haus_4scale_r50_2xb4_36e_dota.py,11485,109fecf46f52c50615c5b4193998281025db5ca01aef63549cb58d24ae226250,outputs/training/rhino/20260626_121243/20260626_121243.log,1133214,f9d212d7fe1e77efb57a7bf2b0b76896fb1b00ad200ab37ff34406c21186d0d1,ai4rs,6095d3a3155570324e9e01c88cd2e4a3b55ae7c3,Apache-2.0 repository license,c71d239df91726fc519c6eb72d318ec65820627232b2f796219e87dcf35d0ab4,UNVERIFIED_DATASET_NOT_PRESENT,historical full evaluator exists but candidate excluded before evaluator gate,NOT_EVALUATED_AFTER_EARLY_EXCLUSION,False,0,False,False,False,False,False,,NOT_EVALUATED_AFTER_EARLY_EXCLUSION,NOT_EVALUATED; frozen missing-TTA policy would apply,True,True,prior persistent prediction/reliability lineage,historical OrientBench reliability design,EXCLUDED,,PRIOR_OUTCOME_OR_PROTOCOL_PARTICIPATION,EXCLUDED,NOT_ESTIMATED_AFTER_EXCLUSION,NOT_ESTIMATED_AFTER_EXCLUSION,,,dataset store is empty on this server; no outcome file was opened
DOTA|v1.0|RotatedFCOS|PSCD dual-frequency|seed0|e2b7edcc3041,DOTA,v1.0,train -> val,RotatedFCOS,PSCD dual-frequency,ResNet-50-FPN,0,top_journal_v3_reaudit_055/paper_B_psc_mechanism/artifacts/b4_training/seed0/best_dota_mAP_epoch_12.pth,True,131939020,e2b7edcc30417384ada93a8cc08889c3912b710b051640b586531958ac5c965a,project-trained existing asset,best detector mAP checkpoint; target risk not used for checkpoint selection,top_journal_v3_reaudit_055/paper_B_psc_mechanism/artifacts/b4_training/seed0/seed0.py,8649,e0a64f27f63cfc1503525cf7865e0af9ea965779191e06e3cf0dcdb2164e32e8,top_journal_v3_reaudit_055/paper_B_psc_mechanism/artifacts/b4_training/seed0/20260723_034026/20260723_034026.log,179545,3d989487023316fb26efd9f25e66c67e90563f8438b214b013b79a56bf9cbb40,mmrotate_1x,3ff004eb21ea040455b5585db229edba4037f1bf,Apache-2.0 repository license,c71d239df91726fc519c6eb72d318ec65820627232b2f796219e87dcf35d0ab4,UNVERIFIED_DATASET_NOT_PRESENT,historical full evaluator exists but candidate excluded before evaluator gate,NOT_EVALUATED_AFTER_EARLY_EXCLUSION,False,0,False,False,False,False,False,,NOT_EVALUATED_AFTER_EARLY_EXCLUSION,NOT_EVALUATED; frozen missing-TTA policy would apply,False,True,B4 external candidate and intervention outcomes,B4/B5 mechanism and candidate gate,EXCLUDED,,PRIOR_OUTCOME_OR_PROTOCOL_PARTICIPATION,EXCLUDED,NOT_ESTIMATED_AFTER_EXCLUSION,NOT_ESTIMATED_AFTER_EXCLUSION,,,dataset store is empty on this server; no outcome file was opened
DOTA|v1.0|RotatedFCOS|PSCD dual-frequency|seed1|c6991079cc1a,DOTA,v1.0,train -> val,RotatedFCOS,PSCD dual-frequency,ResNet-50-FPN,1,top_journal_v3_reaudit_055/paper_B_psc_mechanism/artifacts/b4_training/seed1/best_dota_mAP_epoch_11.pth,True,131693516,c6991079cc1ae72bd2508349c27312b6f844d387f7987184a36f5931ab9bb0e2,project-trained existing asset,best detector mAP checkpoint; target risk not used for checkpoint selection,top_journal_v3_reaudit_055/paper_B_psc_mechanism/artifacts/b4_training/seed1/seed1.py,8649,66fdea67b86c05a4cbbcea29ddf7e0eccae81d1da40543d7ac2554ad3a236c12,top_journal_v3_reaudit_055/paper_B_psc_mechanism/artifacts/b4_training/seed1/20260723_034026/20260723_034026.log,179540,46c96103d4a5bda41254e6a02ed5c0d0ab9732b7bdcb461745859614cbc699ce,mmrotate_1x,3ff004eb21ea040455b5585db229edba4037f1bf,Apache-2.0 repository license,c71d239df91726fc519c6eb72d318ec65820627232b2f796219e87dcf35d0ab4,UNVERIFIED_DATASET_NOT_PRESENT,historical full evaluator exists but candidate excluded before evaluator gate,NOT_EVALUATED_AFTER_EARLY_EXCLUSION,False,0,False,False,False,False,False,,NOT_EVALUATED_AFTER_EARLY_EXCLUSION,NOT_EVALUATED; frozen missing-TTA policy would apply,False,True,B4 external candidate and intervention outcomes,B4/B5 mechanism and candidate gate,EXCLUDED,,PRIOR_OUTCOME_OR_PROTOCOL_PARTICIPATION,EXCLUDED,NOT_ESTIMATED_AFTER_EXCLUSION,NOT_ESTIMATED_AFTER_EXCLUSION,,,dataset store is empty on this server; no outcome file was opened
DOTA|v1.0|RotatedFCOS|PSCD dual-frequency|seed2|f60d06dfbaa8,DOTA,v1.0,train -> val,RotatedFCOS,PSCD dual-frequency,ResNet-50-FPN,2,top_journal_v3_reaudit_055/paper_B_psc_mechanism/artifacts/b4_training/seed2/best_dota_mAP_epoch_11.pth,True,131693452,f60d06dfbaa8db0b2b1f15497777eba50d5fd8009c7c42e6aba9ceadbd67dda7,project-trained existing asset,best detector mAP checkpoint; target risk not used for checkpoint selection,top_journal_v3_reaudit_055/paper_B_psc_mechanism/artifacts/b4_training/seed2/seed2.py,8649,21b2e365fd556c250ce8bf5ec198220ff14de4bb2082617b4611f13295ac4a7c,top_journal_v3_reaudit_055/paper_B_psc_mechanism/artifacts/b4_training/seed2/20260723_034026/20260723_034026.log,179562,6b5a4c45ba68280f4ff00076f65185d8a1260b4e12d90a248a848b13f98648c9,mmrotate_1x,3ff004eb21ea040455b5585db229edba4037f1bf,Apache-2.0 repository license,c71d239df91726fc519c6eb72d318ec65820627232b2f796219e87dcf35d0ab4,UNVERIFIED_DATASET_NOT_PRESENT,historical full evaluator exists but candidate excluded before evaluator gate,NOT_EVALUATED_AFTER_EARLY_EXCLUSION,False,0,False,False,False,False,False,,NOT_EVALUATED_AFTER_EARLY_EXCLUSION,NOT_EVALUATED; frozen missing-TTA policy would apply,False,True,B4 external candidate and intervention outcomes,B4/B5 mechanism and candidate gate,EXCLUDED,,PRIOR_OUTCOME_OR_PROTOCOL_PARTICIPATION,EXCLUDED,NOT_ESTIMATED_AFTER_EXCLUSION,NOT_ESTIMATED_AFTER_EXCLUSION,,,dataset store is empty on this server; no outcome file was opened
DOTA|v1.5|RotatedRTDETR|direct le90 query head|seed42|3e32fa11114c,DOTA,v1.5,train -> val,RotatedRTDETR,direct le90 query head,ResNet-18vd,42,outputs/training/a4_host/best_dota_mAP_epoch_70.pth,True,250367007,3e32fa11114ced82c2fb5ecdb25031ff45c1d2815b034a315b1af11ef8487e32,project-trained existing asset,best detector mAP checkpoint; target risk not used for checkpoint selection,outputs/training/a4_host/o2_rtdetr_r18vd_4xb1_72e_dotav15.py,16382,ce01cb82d1c4363f616aeb689cfce38f233987c236dcb67468b51b3696e9e9a2,outputs/training/a4_host/20260626_121252/20260626_121252.log,2721711,76d2670c7a77fa754246f171f585c185ba27c54d24452036a213d883c1c7aadd,ai4rs,6095d3a3155570324e9e01c88cd2e4a3b55ae7c3,Apache-2.0 repository license,c71d239df91726fc519c6eb72d318ec65820627232b2f796219e87dcf35d0ab4,UNVERIFIED_DATASET_NOT_PRESENT,historical full evaluator exists but candidate excluded before evaluator gate,NOT_EVALUATED_AFTER_EARLY_EXCLUSION,False,0,False,False,False,False,False,,NOT_EVALUATED_AFTER_EARLY_EXCLUSION,NOT_EVALUATED; frozen missing-TTA policy would apply,True,True,A4 host perturbation/design asset,A4 cross-host protocol participation,EXCLUDED,,PRIOR_OUTCOME_OR_PROTOCOL_PARTICIPATION,EXCLUDED,NOT_ESTIMATED_AFTER_EXCLUSION,NOT_ESTIMATED_AFTER_EXCLUSION,,,dataset store is empty on this server; no outcome file was opened
FAIR1M|v1.0|RotatedRetinaNet|CSL|seed0|b5884ea5d830,FAIR1M,v1.0,frozen train80 -> val20,RotatedRetinaNet,CSL,ResNet-50-FPN,0,outputs/persistent_artifacts/m4_third_dataset_070/checkpoints/M4_070_final__CSL__FAIR1M__seed0.pth,True,152476178,b5884ea5d830607c72d8d33a389f59e7c7eab66cb141e8793a06b6c6a8cea712,project-trained existing asset,best detector mAP checkpoint; target risk not used for checkpoint selection,configs/m4_third_dataset_070/fair1m_csl.py,377,a1595063c7bddb58ca389135f6b93326d8b4a7b6c46ba97fe641959503ad355a,,0,,mmrotate_1x,3ff004eb21ea040455b5585db229edba4037f1bf,Apache-2.0 repository license,c71d239df91726fc519c6eb72d318ec65820627232b2f796219e87dcf35d0ab4,UNVERIFIED_DATASET_NOT_PRESENT,historical full evaluator exists but candidate excluded before evaluator gate,NOT_EVALUATED_AFTER_EARLY_EXCLUSION,False,0,False,False,False,False,False,,NOT_EVALUATED_AFTER_EARLY_EXCLUSION,NOT_EVALUATED; frozen missing-TTA policy would apply,True,True,M4 third-dataset evaluation and native-score analysis,M4/K2 candidate and endpoint study,EXCLUDED,,PRIOR_OUTCOME_OR_PROTOCOL_PARTICIPATION,EXCLUDED,NOT_ESTIMATED_AFTER_EXCLUSION,NOT_ESTIMATED_AFTER_EXCLUSION,,,dataset store is empty on this server; no outcome file was opened
FAIR1M|v1.0|RotatedRetinaNet|CSL|seed1|088ef67e666c,FAIR1M,v1.0,frozen train80 -> val20,RotatedRetinaNet,CSL,ResNet-50-FPN,1,outputs/persistent_artifacts/m4_third_dataset_070/checkpoints/M4_070_final__CSL__FAIR1M__seed1.pth,True,152476178,088ef67e666cee806448f85eeb1c9fd423bd43a3f1e6e912044ae3137c40ff55,project-trained existing asset,best detector mAP checkpoint; target risk not used for checkpoint selection,configs/m4_third_dataset_070/fair1m_csl.py,377,a1595063c7bddb58ca389135f6b93326d8b4a7b6c46ba97fe641959503ad355a,,0,,mmrotate_1x,3ff004eb21ea040455b5585db229edba4037f1bf,Apache-2.0 repository license,c71d239df91726fc519c6eb72d318ec65820627232b2f796219e87dcf35d0ab4,UNVERIFIED_DATASET_NOT_PRESENT,historical full evaluator exists but candidate excluded before evaluator gate,NOT_EVALUATED_AFTER_EARLY_EXCLUSION,False,0,False,False,False,False,False,,NOT_EVALUATED_AFTER_EARLY_EXCLUSION,NOT_EVALUATED; frozen missing-TTA policy would apply,True,True,M4 third-dataset evaluation and native-score analysis,M4/K2 candidate and endpoint study,EXCLUDED,,PRIOR_OUTCOME_OR_PROTOCOL_PARTICIPATION,EXCLUDED,NOT_ESTIMATED_AFTER_EXCLUSION,NOT_ESTIMATED_AFTER_EXCLUSION,,,dataset store is empty on this server; no outcome file was opened
FAIR1M|v1.0|RotatedRetinaNet|CSL|seed2|a984d18eb13c,FAIR1M,v1.0,frozen train80 -> val20,RotatedRetinaNet,CSL,ResNet-50-FPN,2,outputs/persistent_artifacts/m4_third_dataset_070/checkpoints/M4_070_final__CSL__FAIR1M__seed2.pth,True,152476178,a984d18eb13c074951ae5ac73b92302aede1a0fe5dc787f5292f7357ddd1a2d1,project-trained existing asset,best detector mAP checkpoint; target risk not used for checkpoint selection,configs/m4_third_dataset_070/fair1m_csl.py,377,a1595063c7bddb58ca389135f6b93326d8b4a7b6c46ba97fe641959503ad355a,,0,,mmrotate_1x,3ff004eb21ea040455b5585db229edba4037f1bf,Apache-2.0 repository license,c71d239df91726fc519c6eb72d318ec65820627232b2f796219e87dcf35d0ab4,UNVERIFIED_DATASET_NOT_PRESENT,historical full evaluator exists but candidate excluded before evaluator gate,NOT_EVALUATED_AFTER_EARLY_EXCLUSION,False,0,False,False,False,False,False,,NOT_EVALUATED_AFTER_EARLY_EXCLUSION,NOT_EVALUATED; frozen missing-TTA policy would apply,True,True,M4 third-dataset evaluation and native-score analysis,M4/K2 candidate and endpoint study,EXCLUDED,,PRIOR_OUTCOME_OR_PROTOCOL_PARTICIPATION,EXCLUDED,NOT_ESTIMATED_AFTER_EXCLUSION,NOT_ESTIMATED_AFTER_EXCLUSION,,,dataset store is empty on this server; no outcome file was opened
FAIR1M|v1.0|RotatedRetinaNet|DCL|seed0|fdfbcaadd376,FAIR1M,v1.0,frozen train80 -> val20,RotatedRetinaNet,DCL,ResNet-50-FPN,0,outputs/persistent_artifacts/m4_third_dataset_070/checkpoints/M4_070_final__DCL__FAIR1M__seed0.pth,True,149405906,fdfbcaadd3769b137e0249fa228b5a7686070f07b65b24308d13f35c8aa8348d,project-trained existing asset,best detector mAP checkpoint; target risk not used for checkpoint selection,configs/m4_third_dataset_070/fair1m_dcl.py,436,156deb0bbe65332475e6207d4c1f6abc45d29ada409e0895d5149e2ec6ad1fb5,,0,,mmrotate_1x,3ff004eb21ea040455b5585db229edba4037f1bf,Apache-2.0 repository license,c71d239df91726fc519c6eb72d318ec65820627232b2f796219e87dcf35d0ab4,UNVERIFIED_DATASET_NOT_PRESENT,historical full evaluator exists but candidate excluded before evaluator gate,NOT_EVALUATED_AFTER_EARLY_EXCLUSION,False,0,False,False,False,False,False,,NOT_EVALUATED_AFTER_EARLY_EXCLUSION,NOT_EVALUATED; frozen missing-TTA policy would apply,True,True,M4 third-dataset evaluation and native-score analysis,M4/K2 candidate and endpoint study,EXCLUDED,,PRIOR_OUTCOME_OR_PROTOCOL_PARTICIPATION,EXCLUDED,NOT_ESTIMATED_AFTER_EXCLUSION,NOT_ESTIMATED_AFTER_EXCLUSION,,,dataset store is empty on this server; no outcome file was opened
FAIR1M|v1.0|RotatedRetinaNet|DCL|seed1|acfe76992f7f,FAIR1M,v1.0,frozen train80 -> val20,RotatedRetinaNet,DCL,ResNet-50-FPN,1,outputs/persistent_artifacts/m4_third_dataset_070/checkpoints/M4_070_final__DCL__FAIR1M__seed1.pth,True,149405906,acfe76992f7f19ff9cb439be8fc56191d1a1147cc4b7e1ea58e2df495b7a31c4,project-trained existing asset,best detector mAP checkpoint; target risk not used for checkpoint selection,configs/m4_third_dataset_070/fair1m_dcl.py,436,156deb0bbe65332475e6207d4c1f6abc45d29ada409e0895d5149e2ec6ad1fb5,,0,,mmrotate_1x,3ff004eb21ea040455b5585db229edba4037f1bf,Apache-2.0 repository license,c71d239df91726fc519c6eb72d318ec65820627232b2f796219e87dcf35d0ab4,UNVERIFIED_DATASET_NOT_PRESENT,historical full evaluator exists but candidate excluded before evaluator gate,NOT_EVALUATED_AFTER_EARLY_EXCLUSION,False,0,False,False,False,False,False,,NOT_EVALUATED_AFTER_EARLY_EXCLUSION,NOT_EVALUATED; frozen missing-TTA policy would apply,True,True,M4 third-dataset evaluation and native-score analysis,M4/K2 candidate and endpoint study,EXCLUDED,,PRIOR_OUTCOME_OR_PROTOCOL_PARTICIPATION,EXCLUDED,NOT_ESTIMATED_AFTER_EXCLUSION,NOT_ESTIMATED_AFTER_EXCLUSION,,,dataset store is empty on this server; no outcome file was opened
FAIR1M|v1.0|RotatedRetinaNet|DCL|seed2|655503dd7f77,FAIR1M,v1.0,frozen train80 -> val20,RotatedRetinaNet,DCL,ResNet-50-FPN,2,outputs/persistent_artifacts/m4_third_dataset_070/checkpoints/M4_070_final__DCL__FAIR1M__seed2.pth,True,149405906,655503dd7f7787511f185477d5b067c9c05fbd8e534658858f498c3d7838a24b,project-trained existing asset,best detector mAP checkpoint; target risk not used for checkpoint selection,configs/m4_third_dataset_070/fair1m_dcl.py,436,156deb0bbe65332475e6207d4c1f6abc45d29ada409e0895d5149e2ec6ad1fb5,,0,,mmrotate_1x,3ff004eb21ea040455b5585db229edba4037f1bf,Apache-2.0 repository license,c71d239df91726fc519c6eb72d318ec65820627232b2f796219e87dcf35d0ab4,UNVERIFIED_DATASET_NOT_PRESENT,historical full evaluator exists but candidate excluded before evaluator gate,NOT_EVALUATED_AFTER_EARLY_EXCLUSION,False,0,False,False,False,False,False,,NOT_EVALUATED_AFTER_EARLY_EXCLUSION,NOT_EVALUATED; frozen missing-TTA policy would apply,True,True,M4 third-dataset evaluation and native-score analysis,M4/K2 candidate and endpoint study,EXCLUDED,,PRIOR_OUTCOME_OR_PROTOCOL_PARTICIPATION,EXCLUDED,NOT_ESTIMATED_AFTER_EXCLUSION,NOT_ESTIMATED_AFTER_EXCLUSION,,,dataset store is empty on this server; no outcome file was opened
FAIR1M|v1.0|RotatedRetinaNet|PSC|seed0|194de87e7224,FAIR1M,v1.0,frozen train80 -> val20,RotatedRetinaNet,PSC,ResNet-50-FPN,0,outputs/persistent_artifacts/m4_third_dataset_070/checkpoints/M4_070_final__PSC__FAIR1M__seed0.pth,True,149239826,194de87e72248cc15e6941e040e7d8660cdf3615685fd462deca1d7946cb75a1,project-trained existing asset,best detector mAP checkpoint; target risk not used for checkpoint selection,configs/m4_third_dataset_070/fair1m_psc.py,2361,8456a0b4c3e08e706576764beb95434a3e8b62b2052a6bce5fa72cea75d2d4bf,,0,,mmrotate_1x,3ff004eb21ea040455b5585db229edba4037f1bf,Apache-2.0 repository license,c71d239df91726fc519c6eb72d318ec65820627232b2f796219e87dcf35d0ab4,UNVERIFIED_DATASET_NOT_PRESENT,historical full evaluator exists but candidate excluded before evaluator gate,NOT_EVALUATED_AFTER_EARLY_EXCLUSION,False,0,False,False,False,False,False,,NOT_EVALUATED_AFTER_EARLY_EXCLUSION,NOT_EVALUATED; frozen missing-TTA policy would apply,True,True,M4 third-dataset evaluation and native-score analysis,M4/K2 candidate and endpoint study,EXCLUDED,,PRIOR_OUTCOME_OR_PROTOCOL_PARTICIPATION,EXCLUDED,NOT_ESTIMATED_AFTER_EXCLUSION,NOT_ESTIMATED_AFTER_EXCLUSION,,,dataset store is empty on this server; no outcome file was opened
FAIR1M|v1.0|RotatedRetinaNet|PSC|seed1|e1e3b1ae09ac,FAIR1M,v1.0,frozen train80 -> val20,RotatedRetinaNet,PSC,ResNet-50-FPN,1,outputs/persistent_artifacts/m4_third_dataset_070/checkpoints/M4_070_final__PSC__FAIR1M__seed1.pth,True,149239826,e1e3b1ae09ac4acba91f76cce601d5288b4b357df2eb113793b4129bf83cda9a,project-trained existing asset,best detector mAP checkpoint; target risk not used for checkpoint selection,configs/m4_third_dataset_070/fair1m_psc.py,2361,8456a0b4c3e08e706576764beb95434a3e8b62b2052a6bce5fa72cea75d2d4bf,,0,,mmrotate_1x,3ff004eb21ea040455b5585db229edba4037f1bf,Apache-2.0 repository license,c71d239df91726fc519c6eb72d318ec65820627232b2f796219e87dcf35d0ab4,UNVERIFIED_DATASET_NOT_PRESENT,historical full evaluator exists but candidate excluded before evaluator gate,NOT_EVALUATED_AFTER_EARLY_EXCLUSION,False,0,False,False,False,False,False,,NOT_EVALUATED_AFTER_EARLY_EXCLUSION,NOT_EVALUATED; frozen missing-TTA policy would apply,True,True,M4 third-dataset evaluation and native-score analysis,M4/K2 candidate and endpoint study,EXCLUDED,,PRIOR_OUTCOME_OR_PROTOCOL_PARTICIPATION,EXCLUDED,NOT_ESTIMATED_AFTER_EXCLUSION,NOT_ESTIMATED_AFTER_EXCLUSION,,,dataset store is empty on this server; no outcome file was opened
FAIR1M|v1.0|RotatedRetinaNet|PSC|seed2|60d0d05b3f78,FAIR1M,v1.0,frozen train80 -> val20,RotatedRetinaNet,PSC,ResNet-50-FPN,2,outputs/persistent_artifacts/m4_third_dataset_070/checkpoints/M4_070_final__PSC__FAIR1M__seed2.pth,True,149239826,60d0d05b3f78755429363261414917a3d44e3f664ac5f6ae0a78cb864899de36,project-trained existing asset,best detector mAP checkpoint; target risk not used for checkpoint selection,configs/m4_third_dataset_070/fair1m_psc.py,2361,8456a0b4c3e08e706576764beb95434a3e8b62b2052a6bce5fa72cea75d2d4bf,,0,,mmrotate_1x,3ff004eb21ea040455b5585db229edba4037f1bf,Apache-2.0 repository license,c71d239df91726fc519c6eb72d318ec65820627232b2f796219e87dcf35d0ab4,UNVERIFIED_DATASET_NOT_PRESENT,historical full evaluator exists but candidate excluded before evaluator gate,NOT_EVALUATED_AFTER_EARLY_EXCLUSION,False,0,False,False,False,False,False,,NOT_EVALUATED_AFTER_EARLY_EXCLUSION,NOT_EVALUATED; frozen missing-TTA policy would apply,True,True,M4 third-dataset evaluation and native-score analysis,M4/K2 candidate and endpoint study,EXCLUDED,,PRIOR_OUTCOME_OR_PROTOCOL_PARTICIPATION,EXCLUDED,NOT_ESTIMATED_AFTER_EXCLUSION,NOT_ESTIMATED_AFTER_EXCLUSION,,,dataset store is empty on this server; no outcome file was opened
SODA-A|registered|RotatedRetinaNet|CSL|seed0|b777eb8fa651,SODA-A,registered,frozen train -> val,RotatedRetinaNet,CSL,ResNet-50-FPN,0,top_journal_v3_reaudit_055/work_dirs/k2/K2_final__CSL__SODA-A__seed0/best_dota_mAP_epoch_11.pth,True,161541226,b777eb8fa6516adb10acd2887d968560d85e6a0b08d32842f5af9c4f1e987241,project-trained existing asset,best detector mAP checkpoint; target risk not used for checkpoint selection,top_journal_v3_reaudit_055/work_dirs/k2/K2_final__CSL__SODA-A__seed0/csl_soda_seed0.py,10981,c7dd77f164f2767d95d8fef383ebaf297a323f781a6be9a1bebe4ac09d77a2f3,top_journal_v3_reaudit_055/work_dirs/k2/K2_final__CSL__SODA-A__seed0/20260709_144407/20260709_144407.log,567381,dd068848acf7c43d7c4ae0b2fc67ec4d2bb53e57d7327ca82200f399ac940411,mmrotate_1x,3ff004eb21ea040455b5585db229edba4037f1bf,Apache-2.0 repository license,c71d239df91726fc519c6eb72d318ec65820627232b2f796219e87dcf35d0ab4,UNVERIFIED_DATASET_NOT_PRESENT,historical full evaluator exists but candidate excluded before evaluator gate,NOT_EVALUATED_AFTER_EARLY_EXCLUSION,False,0,False,False,False,False,False,,NOT_EVALUATED_AFTER_EARLY_EXCLUSION,NOT_EVALUATED; frozen missing-TTA policy would apply,False,True,K2 full-converged angle-head and native-score outcomes,K2 score-direction/native-signal design,EXCLUDED,,PRIOR_OUTCOME_OR_PROTOCOL_PARTICIPATION,EXCLUDED,NOT_ESTIMATED_AFTER_EXCLUSION,NOT_ESTIMATED_AFTER_EXCLUSION,,,dataset store is empty on this server; no outcome file was opened
SODA-A|registered|RotatedRetinaNet|CSL|seed1|60892eef4b9d,SODA-A,registered,frozen train -> val,RotatedRetinaNet,CSL,ResNet-50-FPN,1,top_journal_v3_reaudit_055/work_dirs/k2/K2_final__CSL__SODA-A__seed1/best_dota_mAP_epoch_11.pth,True,161346090,60892eef4b9d8beb8b3171359ba5d204b46d6fa80fcce446a54ec147728a1ea9,project-trained existing asset,best detector mAP checkpoint; target risk not used for checkpoint selection,top_journal_v3_reaudit_055/work_dirs/k2/K2_final__CSL__SODA-A__seed1/csl_soda_seed0.py,10981,2a83fef164980b06ee6873af48ddcbcd475b29ad656b425e97bdd923b184a3dd,top_journal_v3_reaudit_055/work_dirs/k2/K2_final__CSL__SODA-A__seed1/20260710_221047/20260710_221047.log,259918,f8be2bfe10aef6a9d6f2dcbc923ffe00dae722ec9546af64276515b4a566ea13,mmrotate_1x,3ff004eb21ea040455b5585db229edba4037f1bf,Apache-2.0 repository license,c71d239df91726fc519c6eb72d318ec65820627232b2f796219e87dcf35d0ab4,UNVERIFIED_DATASET_NOT_PRESENT,historical full evaluator exists but candidate excluded before evaluator gate,NOT_EVALUATED_AFTER_EARLY_EXCLUSION,False,0,False,False,False,False,False,,NOT_EVALUATED_AFTER_EARLY_EXCLUSION,NOT_EVALUATED; frozen missing-TTA policy would apply,False,True,K2 full-converged angle-head and native-score outcomes,K2 score-direction/native-signal design,EXCLUDED,,PRIOR_OUTCOME_OR_PROTOCOL_PARTICIPATION,EXCLUDED,NOT_ESTIMATED_AFTER_EXCLUSION,NOT_ESTIMATED_AFTER_EXCLUSION,,,dataset store is empty on this server; no outcome file was opened
SODA-A|registered|RotatedRetinaNet|CSL|seed2|fa075ed3087b,SODA-A,registered,frozen train -> val,RotatedRetinaNet,CSL,ResNet-50-FPN,2,top_journal_v3_reaudit_055/work_dirs/k2/K2_final__CSL__SODA-A__seed2/best_dota_mAP_epoch_10.pth,True,160509098,fa075ed3087bcaa1d0b8bbd8664f32bdb400f1f792bac9283fdb1dcec4daee3b,project-trained existing asset,best detector mAP checkpoint; target risk not used for checkpoint selection,top_journal_v3_reaudit_055/work_dirs/k2/K2_final__CSL__SODA-A__seed2/csl_soda_seed0.py,10981,04ed17bee74812af414a621b8fc7d3f340bad080ee5aebee9b9a654feba2af97,top_journal_v3_reaudit_055/work_dirs/k2/K2_final__CSL__SODA-A__seed2/20260710_221115/20260710_221115.log,567456,e26ebb5c6abe37e835478e30acf17ad3357babb9bb8e0425529d77ee4a5744f5,mmrotate_1x,3ff004eb21ea040455b5585db229edba4037f1bf,Apache-2.0 repository license,c71d239df91726fc519c6eb72d318ec65820627232b2f796219e87dcf35d0ab4,UNVERIFIED_DATASET_NOT_PRESENT,historical full evaluator exists but candidate excluded before evaluator gate,NOT_EVALUATED_AFTER_EARLY_EXCLUSION,False,0,False,False,False,False,False,,NOT_EVALUATED_AFTER_EARLY_EXCLUSION,NOT_EVALUATED; frozen missing-TTA policy would apply,False,True,K2 full-converged angle-head and native-score outcomes,K2 score-direction/native-signal design,EXCLUDED,,PRIOR_OUTCOME_OR_PROTOCOL_PARTICIPATION,EXCLUDED,NOT_ESTIMATED_AFTER_EXCLUSION,NOT_ESTIMATED_AFTER_EXCLUSION,,,dataset store is empty on this server; no outcome file was opened
SODA-A|registered|RotatedRetinaNet|DCL|seed0|cf63e803ff3e,SODA-A,registered,frozen train -> val,RotatedRetinaNet,DCL,ResNet-50-FPN,0,top_journal_v3_reaudit_055/work_dirs/k2/K2_final__DCL__SODA-A__seed0/best_dota_mAP_epoch_10.pth,True,157394474,cf63e803ff3e26ede1c7cdfeb3347a814b77c76f1bd5c0e87705de347d35bcd1,project-trained existing asset,best detector mAP checkpoint; target risk not used for checkpoint selection,top_journal_v3_reaudit_055/work_dirs/k2/K2_final__DCL__SODA-A__seed0/dcl_soda_seed0.py,11003,954f7546b1f7f87ca7d7c77806c9a168158e0f992ab209856c8c939e2d72d445,top_journal_v3_reaudit_055/work_dirs/k2/K2_final__DCL__SODA-A__seed0/20260709_223402/20260709_223402.log,568121,f1422395c1f1ce591dab45cdb4c9767dc5ae5b495e5ae6bbd0516a270a639526,mmrotate_1x,3ff004eb21ea040455b5585db229edba4037f1bf,Apache-2.0 repository license,c71d239df91726fc519c6eb72d318ec65820627232b2f796219e87dcf35d0ab4,UNVERIFIED_DATASET_NOT_PRESENT,historical full evaluator exists but candidate excluded before evaluator gate,NOT_EVALUATED_AFTER_EARLY_EXCLUSION,False,0,False,False,False,False,False,,NOT_EVALUATED_AFTER_EARLY_EXCLUSION,NOT_EVALUATED; frozen missing-TTA policy would apply,False,True,K2 full-converged angle-head and native-score outcomes,K2 score-direction/native-signal design,EXCLUDED,,PRIOR_OUTCOME_OR_PROTOCOL_PARTICIPATION,EXCLUDED,NOT_ESTIMATED_AFTER_EXCLUSION,NOT_ESTIMATED_AFTER_EXCLUSION,,,dataset store is empty on this server; no outcome file was opened
SODA-A|registered|RotatedRetinaNet|DCL|seed1|76e6f54db65e,SODA-A,registered,frozen train -> val,RotatedRetinaNet,DCL,ResNet-50-FPN,1,top_journal_v3_reaudit_055/work_dirs/k2/K2_final__DCL__SODA-A__seed1/best_dota_mAP_epoch_12.pth,True,159260330,76e6f54db65e637b5f84a473784d21e3177c9e71f1b2203ca2e8426f8c853504,project-trained existing asset,best detector mAP checkpoint; target risk not used for checkpoint selection,top_journal_v3_reaudit_055/work_dirs/k2/K2_final__DCL__SODA-A__seed1/dcl_soda_seed0.py,11002,cae115edab3bfd2e791ae1ff7e084aeb8ab1159c397a347f8d3fec61e3842a0d,top_journal_v3_reaudit_055/work_dirs/k2/K2_final__DCL__SODA-A__seed1/20260711_125224/20260711_125224.log,260207,0e10077871d7eeae5c15872f25b4442c6f65777dd86fbfba8d07a85247e9a686,mmrotate_1x,3ff004eb21ea040455b5585db229edba4037f1bf,Apache-2.0 repository license,c71d239df91726fc519c6eb72d318ec65820627232b2f796219e87dcf35d0ab4,UNVERIFIED_DATASET_NOT_PRESENT,historical full evaluator exists but candidate excluded before evaluator gate,NOT_EVALUATED_AFTER_EARLY_EXCLUSION,False,0,False,False,False,False,False,,NOT_EVALUATED_AFTER_EARLY_EXCLUSION,NOT_EVALUATED; frozen missing-TTA policy would apply,False,True,K2 full-converged angle-head and native-score outcomes,K2 score-direction/native-signal design,EXCLUDED,,PRIOR_OUTCOME_OR_PROTOCOL_PARTICIPATION,EXCLUDED,NOT_ESTIMATED_AFTER_EXCLUSION,NOT_ESTIMATED_AFTER_EXCLUSION,,,dataset store is empty on this server; no outcome file was opened
SODA-A|registered|RotatedRetinaNet|DCL|seed2|d7f6ab834c87,SODA-A,registered,frozen train -> val,RotatedRetinaNet,DCL,ResNet-50-FPN,2,top_journal_v3_reaudit_055/work_dirs/k2/K2_final__DCL__SODA-A__seed2/best_dota_mAP_epoch_12.pth,True,159453290,d7f6ab834c87372e1dd24906cc348eda0c335ef24f50d1bf8b61a29db4fd24b6,project-trained existing asset,best detector mAP checkpoint; target risk not used for checkpoint selection,top_journal_v3_reaudit_055/work_dirs/k2/K2_final__DCL__SODA-A__seed2/dcl_soda_seed0.py,11003,a8a4cb912ea10ef569362242f1b7e6141a58cceaac5c5b36f6a68de1fc12857c,top_journal_v3_reaudit_055/work_dirs/k2/K2_final__DCL__SODA-A__seed2/20260711_124931/20260711_124931.log,568492,0762d8b01f0b9b23f1d08e6b4fdda7ca889aba6d5ba2c1db580cf812cfbd7b40,mmrotate_1x,3ff004eb21ea040455b5585db229edba4037f1bf,Apache-2.0 repository license,c71d239df91726fc519c6eb72d318ec65820627232b2f796219e87dcf35d0ab4,UNVERIFIED_DATASET_NOT_PRESENT,historical full evaluator exists but candidate excluded before evaluator gate,NOT_EVALUATED_AFTER_EARLY_EXCLUSION,False,0,False,False,False,False,False,,NOT_EVALUATED_AFTER_EARLY_EXCLUSION,NOT_EVALUATED; frozen missing-TTA policy would apply,False,True,K2 full-converged angle-head and native-score outcomes,K2 score-direction/native-signal design,EXCLUDED,,PRIOR_OUTCOME_OR_PROTOCOL_PARTICIPATION,EXCLUDED,NOT_ESTIMATED_AFTER_EXCLUSION,NOT_ESTIMATED_AFTER_EXCLUSION,,,dataset store is empty on this server; no outcome file was opened
SODA-A|registered|RotatedRetinaNet|PSC|seed0|709dd4a3cf70,SODA-A,registered,frozen train -> val,RotatedRetinaNet,PSC,ResNet-50-FPN,0,top_journal_v3_reaudit_055/work_dirs/k2/K2_final__PSC__SODA-A__seed0/best_dota_mAP_epoch_11.pth,True,158313642,709dd4a3cf70c80ff3b89f6a896f4769f47b7b50174583a8cb798aa957e9b25e,project-trained existing asset,best detector mAP checkpoint; target risk not used for checkpoint selection,top_journal_v3_reaudit_055/work_dirs/k2/K2_final__PSC__SODA-A__seed0/psc_soda_seed0.py,10884,66eefa4bcb7fa8dd6b482d818a269f8642db6af61be4a4b023938f06336dc7c4,top_journal_v3_reaudit_055/work_dirs/k2/K2_final__PSC__SODA-A__seed0/20260709_002523/20260709_002523.log,569014,dc8e7c8116cfe1f7186ea6a2b7c94ac07e2671d82043283a5ccc9e6dca15e3c6,mmrotate_1x,3ff004eb21ea040455b5585db229edba4037f1bf,Apache-2.0 repository license,c71d239df91726fc519c6eb72d318ec65820627232b2f796219e87dcf35d0ab4,UNVERIFIED_DATASET_NOT_PRESENT,historical full evaluator exists but candidate excluded before evaluator gate,NOT_EVALUATED_AFTER_EARLY_EXCLUSION,False,0,False,False,False,False,False,,NOT_EVALUATED_AFTER_EARLY_EXCLUSION,NOT_EVALUATED; frozen missing-TTA policy would apply,False,True,K2 full-converged angle-head and native-score outcomes,K2 score-direction/native-signal design,EXCLUDED,,PRIOR_OUTCOME_OR_PROTOCOL_PARTICIPATION,EXCLUDED,NOT_ESTIMATED_AFTER_EXCLUSION,NOT_ESTIMATED_AFTER_EXCLUSION,,,dataset store is empty on this server; no outcome file was opened
SODA-A|registered|RotatedRetinaNet|PSC|seed1|29b4a959cde7,SODA-A,registered,frozen train -> val,RotatedRetinaNet,PSC,ResNet-50-FPN,1,top_journal_v3_reaudit_055/work_dirs/k2/K2_final__PSC__SODA-A__seed1/best_dota_mAP_epoch_12.pth,True,159438506,29b4a959cde7ecda42f02022d4532aaa6fd2143346413082d09eaf7c8120f085,project-trained existing asset,best detector mAP checkpoint; target risk not used for checkpoint selection,top_journal_v3_reaudit_055/work_dirs/k2/K2_final__PSC__SODA-A__seed1/psc_soda_seed0.py,10882,94981dd59d299bcb77a637cfd19c55db5b30b6daecfd7f67e7baeb0981a04731,top_journal_v3_reaudit_055/work_dirs/k2/K2_final__PSC__SODA-A__seed1/20260709_200752/20260709_200752.log,568675,1d3688b249ad05ea589c672c5de5cd46a0cb822eed9b4dd573f8b764545a5c5b,mmrotate_1x,3ff004eb21ea040455b5585db229edba4037f1bf,Apache-2.0 repository license,c71d239df91726fc519c6eb72d318ec65820627232b2f796219e87dcf35d0ab4,UNVERIFIED_DATASET_NOT_PRESENT,historical full evaluator exists but candidate excluded before evaluator gate,NOT_EVALUATED_AFTER_EARLY_EXCLUSION,False,0,False,False,False,False,False,,NOT_EVALUATED_AFTER_EARLY_EXCLUSION,NOT_EVALUATED; frozen missing-TTA policy would apply,False,True,K2 full-converged angle-head and native-score outcomes,K2 score-direction/native-signal design,EXCLUDED,,PRIOR_OUTCOME_OR_PROTOCOL_PARTICIPATION,EXCLUDED,NOT_ESTIMATED_AFTER_EXCLUSION,NOT_ESTIMATED_AFTER_EXCLUSION,,,dataset store is empty on this server; no outcome file was opened
SODA-A|registered|RotatedRetinaNet|PSC|seed2|6af6f1b924c8,SODA-A,registered,frozen train -> val,RotatedRetinaNet,PSC,ResNet-50-FPN,2,top_journal_v3_reaudit_055/work_dirs/k2/K2_final__PSC__SODA-A__seed2/best_dota_mAP_epoch_12.pth,True,159443754,6af6f1b924c8f04e8c883364384b4171be6e5d8016012dddeb4fdd18cba36731,project-trained existing asset,best detector mAP checkpoint; target risk not used for checkpoint selection,top_journal_v3_reaudit_055/work_dirs/k2/K2_final__PSC__SODA-A__seed2/psc_soda_seed0.py,10883,45dc30cf9cc3da27949395b7c49f06b3d45642ad62e26ca17ded3a1c773c17fa,top_journal_v3_reaudit_055/work_dirs/k2/K2_final__PSC__SODA-A__seed2/20260710_083703/20260710_083703.log,524744,8b5f0186f0855182e6df3c9c27ceedde572a1a1868bd434044bc7c9af90d89a8,mmrotate_1x,3ff004eb21ea040455b5585db229edba4037f1bf,Apache-2.0 repository license,c71d239df91726fc519c6eb72d318ec65820627232b2f796219e87dcf35d0ab4,UNVERIFIED_DATASET_NOT_PRESENT,historical full evaluator exists but candidate excluded before evaluator gate,NOT_EVALUATED_AFTER_EARLY_EXCLUSION,False,0,False,False,False,False,False,,NOT_EVALUATED_AFTER_EARLY_EXCLUSION,NOT_EVALUATED; frozen missing-TTA policy would apply,False,True,K2 full-converged angle-head and native-score outcomes,K2 score-direction/native-signal design,EXCLUDED,,PRIOR_OUTCOME_OR_PROTOCOL_PARTICIPATION,EXCLUDED,NOT_ESTIMATED_AFTER_EXCLUSION,NOT_ESTIMATED_AFTER_EXCLUSION,,,dataset store is empty on this server; no outcome file was opened
SODA-A|registered|RotatedRetinaNet|direct_regression_le90|seed0|34c143c476d4,SODA-A,registered,frozen train -> val,RotatedRetinaNet,direct_regression_le90,ResNet-50-FPN,0,top_journal_v3_reaudit_055/work_dirs/k2/K2_final__direct_regression_le90__SODA-A__seed0/best_dota_mAP_epoch_2.pth,True,148285422,34c143c476d4a905ea6c27d2a66eab45cf97a8171fae8e48946acc81ecd18457,project-trained existing asset,best detector mAP checkpoint; target risk not used for checkpoint selection,top_journal_v3_reaudit_055/work_dirs/k2/K2_final__direct_regression_le90__SODA-A__seed0/regression_soda_seed0.py,10691,247941578daf3c1edbdca893d7b6e450e8cc4f2af97875ce96e0291fe41283cd,top_journal_v3_reaudit_055/work_dirs/k2/K2_final__direct_regression_le90__SODA-A__seed0/20260710_015012/20260710_015012.log,524201,3aea57dbcbd7c77811696fe65456c72574de9db7ab49bb2bde28a231a51b09cb,mmrotate_1x,3ff004eb21ea040455b5585db229edba4037f1bf,Apache-2.0 repository license,c71d239df91726fc519c6eb72d318ec65820627232b2f796219e87dcf35d0ab4,UNVERIFIED_DATASET_NOT_PRESENT,historical full evaluator exists but candidate excluded before evaluator gate,NOT_EVALUATED_AFTER_EARLY_EXCLUSION,False,0,False,False,False,False,False,,NOT_EVALUATED_AFTER_EARLY_EXCLUSION,NOT_EVALUATED; frozen missing-TTA policy would apply,False,True,K2 full-converged angle-head and native-score outcomes,K2 score-direction/native-signal design,EXCLUDED,,PRIOR_OUTCOME_OR_PROTOCOL_PARTICIPATION,EXCLUDED,NOT_ESTIMATED_AFTER_EXCLUSION,NOT_ESTIMATED_AFTER_EXCLUSION,,,dataset store is empty on this server; no outcome file was opened
SODA-A|registered|RotatedRetinaNet|direct_regression_le90|seed1|d707407a1841,SODA-A,registered,frozen train -> val,RotatedRetinaNet,direct_regression_le90,ResNet-50-FPN,1,top_journal_v3_reaudit_055/work_dirs/k2/K2_final__direct_regression_le90__SODA-A__seed1/best_dota_mAP_epoch_1.pth,True,147384878,d707407a18414c81a2839dc1104b27682104c547a4df58443f7cd19eaad7e329,project-trained existing asset,best detector mAP checkpoint; target risk not used for checkpoint selection,top_journal_v3_reaudit_055/work_dirs/k2/K2_final__direct_regression_le90__SODA-A__seed1/regression_soda_seed0.py,10691,c95c562598b8cb9f64a45b5b5fea0ab87e800258c693bcb3944eb428fab1056e,top_journal_v3_reaudit_055/work_dirs/k2/K2_final__direct_regression_le90__SODA-A__seed1/20260711_225639/20260711_225639.log,521682,f734fa47fb68e94bf30b8bd237217607f12f240c534f147e70fc5f14e1924140,mmrotate_1x,3ff004eb21ea040455b5585db229edba4037f1bf,Apache-2.0 repository license,c71d239df91726fc519c6eb72d318ec65820627232b2f796219e87dcf35d0ab4,UNVERIFIED_DATASET_NOT_PRESENT,historical full evaluator exists but candidate excluded before evaluator gate,NOT_EVALUATED_AFTER_EARLY_EXCLUSION,False,0,False,False,False,False,False,,NOT_EVALUATED_AFTER_EARLY_EXCLUSION,NOT_EVALUATED; frozen missing-TTA policy would apply,False,True,K2 full-converged angle-head and native-score outcomes,K2 score-direction/native-signal design,EXCLUDED,,PRIOR_OUTCOME_OR_PROTOCOL_PARTICIPATION,EXCLUDED,NOT_ESTIMATED_AFTER_EXCLUSION,NOT_ESTIMATED_AFTER_EXCLUSION,,,dataset store is empty on this server; no outcome file was opened
SODA-A|registered|RotatedRetinaNet|direct_regression_le90|seed2|2a51b7b15906,SODA-A,registered,frozen train -> val,RotatedRetinaNet,direct_regression_le90,ResNet-50-FPN,2,top_journal_v3_reaudit_055/work_dirs/k2/K2_final__direct_regression_le90__SODA-A__seed2/best_dota_mAP_epoch_1.pth,True,147356014,2a51b7b15906053496b5aede03de8aff42eb955c0b339dd3d354252870715240,project-trained existing asset,best detector mAP checkpoint; target risk not used for checkpoint selection,top_journal_v3_reaudit_055/work_dirs/k2/K2_final__direct_regression_le90__SODA-A__seed2/regression_soda_seed0.py,10691,a5bcbfcb80db82c84be117f835320402b2b393787f34b06fa048dbe77e152a2a,top_journal_v3_reaudit_055/work_dirs/k2/K2_final__direct_regression_le90__SODA-A__seed2/20260711_232311/20260711_232311.log,522499,9f6e597c0ed84e87c863b7b095c88609a5a995b529fa62c6a2b8f7d8720486df,mmrotate_1x,3ff004eb21ea040455b5585db229edba4037f1bf,Apache-2.0 repository license,c71d239df91726fc519c6eb72d318ec65820627232b2f796219e87dcf35d0ab4,UNVERIFIED_DATASET_NOT_PRESENT,historical full evaluator exists but candidate excluded before evaluator gate,NOT_EVALUATED_AFTER_EARLY_EXCLUSION,False,0,False,False,False,False,False,,NOT_EVALUATED_AFTER_EARLY_EXCLUSION,NOT_EVALUATED; frozen missing-TTA policy would apply,False,True,K2 full-converged angle-head and native-score outcomes,K2 score-direction/native-signal design,EXCLUDED,,PRIOR_OUTCOME_OR_PROTOCOL_PARTICIPATION,EXCLUDED,NOT_ESTIMATED_AFTER_EXCLUSION,NOT_ESTIMATED_AFTER_EXCLUSION,,,dataset store is empty on this server; no outcome file was opened
Strip-RCNN_DIOR-R/47,DIOR-R,UNVERIFIED,reported full-val / audited actual identity,Strip-RCNN,registered historical head,registered historical backbone,registered,external_baseline_library/registered_baseline,False,0,,historical pth_data registration; library absent on current server,historical detector criterion; exact source unavailable,,0,,,0,,historical,UNVERIFIED,UNVERIFIED,,UNVERIFIED_DATASET_NOT_PRESENT,historical evaluator,UNVERIFIED,False,5859,False,False,False,False,False,,NOT_COMPLETE,UNVERIFIED,True,False,5859-image legacy universe; prior NRC inspected,original A6 provenance audit,EXCLUDED,,PRIOR_OUTCOME_EXPOSURE,EXCLUDED,NOT_ESTIMATED_AFTER_EXCLUSION,NOT_ESTIMATED_AFTER_EXCLUSION,,,5859-image legacy universe; prior NRC inspected; historical unit tag /47; pth_data and dataset store unavailable on current server
