annotator_slot,task_id,canonical_anon_id,task_kind,original_task_id,original_pair_status,original_missing_state
A,03998cbf839da960914e,0022a02f8b3f9bbc,NEW_M600_TARGET,03998cbf839da960914e,,
A,581c817a9dff42f3de43,021abe13d822d18d,NEW_M600_TARGET,581c817a9dff42f3de43,,
A,2a88deb336140bd46e1e,06e785d13145782c,NEW_M600_TARGET,2a88deb336140bd46e1e,,
A,c76249ea64d92f3ccb7e,0c38f4777b43ea8b,NEW_M600_TARGET,c76249ea64d92f3ccb7e,,
A,c714bc3c9f56902c5620,120aec1c4c91812e,NEW_M600_TARGET,c714bc3c9f56902c5620,,
A,4ffedfa4a297585735ff,1e3d8cc1e6c55d3b,NEW_M600_TARGET,4ffedfa4a297585735ff,,
A,c6861af9ae9b9ea0190e,2391c6d252f26e8a,NEW_M600_TARGET,c6861af9ae9b9ea0190e,,
A,db2f0ad95f0db6a897c3,239f1c7b133a86b3,NEW_M600_TARGET,db2f0ad95f0db6a897c3,,
A,66b8c6ae3ac74d2e4487,249b60a5ece8642d,NEW_M600_TARGET,66b8c6ae3ac74d2e4487,,
A,b248684d4145463dbb78,2614083b95018c70,NEW_M600_TARGET,b248684d4145463dbb78,,
A,1dfe4eb3f882ae401d01,27959531b13e3bc8,NEW_M600_TARGET,1dfe4eb3f882ae401d01,,
A,c16f807a3f963f29d662,288d818b5d6c0f9f,NEW_M600_TARGET,c16f807a3f963f29d662,,
A,2cd2fb3a73aa6bdf7a3f,28b456aaf83cb4d0,NEW_M600_TARGET,2cd2fb3a73aa6bdf7a3f,,
A,6ecc49197803aa3f2f1b,2abc7dccb8c41c17,NEW_M600_TARGET,6ecc49197803aa3f2f1b,,
A,dc0641f95740890c208d,2f169f35a356eae3,NEW_M600_TARGET,dc0641f95740890c208d,,
A,c1ba37571dfe99f51efa,32222327ec5335cf,NEW_M600_TARGET,c1ba37571dfe99f51efa,,
A,105ce35cd04f155e329f,3579202ecfa3ba24,NEW_M600_TARGET,105ce35cd04f155e329f,,
A,a51627216e8798668f6e,37f8cd9bb1920132,NEW_M600_TARGET,a51627216e8798668f6e,,
A,4d9f9f7c26b3cfd29ca9,3879289f1e30f2ca,NEW_M600_TARGET,4d9f9f7c26b3cfd29ca9,,
A,d9778b3f9eff0706b848,3fab56fa4e0c7c8f,NEW_M600_TARGET,d9778b3f9eff0706b848,,
A,e38bdd478d2281789298,41b62e504e8a3961,NEW_M600_TARGET,e38bdd478d2281789298,,
A,329643714b6b7fbd5586,472866c9f3eb4a8b,NEW_M600_TARGET,329643714b6b7fbd5586,,
A,b46fa4c76e1c2a16e029,499d9f6ccd5018e1,NEW_M600_TARGET,b46fa4c76e1c2a16e029,,
A,403baed7d7e8161b4fc9,4a8f4fe58dfc838b,NEW_M600_TARGET,403baed7d7e8161b4fc9,,
A,7c56e22ab8527f4414ab,4d3eb1c2aa3df22d,NEW_M600_TARGET,7c56e22ab8527f4414ab,,
A,7ccbb3aa77a4070e3601,6067370ed7f26d67,NEW_M600_TARGET,7ccbb3aa77a4070e3601,,
A,abb8099fb319dd9a0232,6269b8e48ff2f681,NEW_M600_TARGET,abb8099fb319dd9a0232,,
A,44fc770bccaf204e8508,65a22b6403286ca1,NEW_M600_TARGET,44fc770bccaf204e8508,,
A,1f219d40c15ccc564308,6862b2b755efa2de,NEW_M600_TARGET,1f219d40c15ccc564308,,
A,881fc417bbc498dd003b,6c2d7e5fe97e3805,NEW_M600_TARGET,881fc417bbc498dd003b,,
A,319d37b336a6d3d98873,6c81d93188a08bdb,NEW_M600_TARGET,319d37b336a6d3d98873,,
A,e8f3df71e4a6f669b35f,70957c6319149032,NEW_M600_TARGET,e8f3df71e4a6f669b35f,,
A,532d3274f9822d9da213,8051a5491c68bacc,NEW_M600_TARGET,532d3274f9822d9da213,,
A,1e6914a71c3567bf62ba,805706f459321b1f,NEW_M600_TARGET,1e6914a71c3567bf62ba,,
A,fcda329e449d4d8644f7,83ce9fe5b4528fb6,NEW_M600_TARGET,fcda329e449d4d8644f7,,
A,063b1c418ce0623a6bda,84149baf0b692659,NEW_M600_TARGET,063b1c418ce0623a6bda,,
A,ad717a72f01afc86861b,850c4b9e8579b256,NEW_M600_TARGET,ad717a72f01afc86861b,,
A,61cb187523fed7b76cc1,882736286d5514b8,NEW_M600_TARGET,61cb187523fed7b76cc1,,
A,96a832736768a4008c11,89ba663026c60a7f,NEW_M600_TARGET,96a832736768a4008c11,,
A,adc2aa44c96fa808aeb6,8bccfaf24cb6bd28,NEW_M600_TARGET,adc2aa44c96fa808aeb6,,
A,b125335f051253089c4f,8e5142c19b9f51a5,NEW_M600_TARGET,b125335f051253089c4f,,
A,12af30019c1ef51594c4,8f0d2b339f19c3a0,NEW_M600_TARGET,12af30019c1ef51594c4,,
A,bb2b2c5d080756c8a371,90d4fcf322602a0e,NEW_M600_TARGET,bb2b2c5d080756c8a371,,
A,b33f672e59bcbb1462b4,9bab53b6320ea504,NEW_M600_TARGET,b33f672e59bcbb1462b4,,
A,11099289eaf2f9a7f6e4,a13f3fe8d1b6401e,NEW_M600_TARGET,11099289eaf2f9a7f6e4,,
A,496042fe4b3b71afb348,a9c210f892f500f4,NEW_M600_TARGET,496042fe4b3b71afb348,,
A,777b6b2cad608950f06f,abcf432f121fc278,NEW_M600_TARGET,777b6b2cad608950f06f,,
A,e9c39be3e8c8ce7b075f,adf21d9d5f36829e,NEW_M600_TARGET,e9c39be3e8c8ce7b075f,,
A,2ca1f88449e3a31f1f4b,ae112a0d738a73a6,NEW_M600_TARGET,2ca1f88449e3a31f1f4b,,
A,c02861fcf92408545e66,b1246b0cc56b758f,NEW_M600_TARGET,c02861fcf92408545e66,,
A,f9db0326b64be0760266,b572312640da1b77,NEW_M600_TARGET,f9db0326b64be0760266,,
A,4546256b47a49bc32b10,c0a6b7d9eb44f5cf,NEW_M600_TARGET,4546256b47a49bc32b10,,
A,dcb5f6bb3446fabd336c,c26412cc14adf60e,NEW_M600_TARGET,dcb5f6bb3446fabd336c,,
A,4f4c8b77a6aa4ecfd2bf,c447c023a2c57d5d,NEW_M600_TARGET,4f4c8b77a6aa4ecfd2bf,,
A,4d5df80737eca700f3c2,c5d3739c5d2e3840,NEW_M600_TARGET,4d5df80737eca700f3c2,,
A,7dcabbf69e7b2b7ac99c,c6c873b2be3ea780,NEW_M600_TARGET,7dcabbf69e7b2b7ac99c,,
A,215a9b38071f9c64d073,cbe3bedd36b13ca5,NEW_M600_TARGET,215a9b38071f9c64d073,,
A,3d4c447b9918cf26cd62,ce742a7d89faf3d8,NEW_M600_TARGET,3d4c447b9918cf26cd62,,
A,903344875b5fc6c9b33a,ced35c8c2661ae2a,NEW_M600_TARGET,903344875b5fc6c9b33a,,
A,32cec1a9ba17682ed86c,ced37bc8cc8e1210,NEW_M600_TARGET,32cec1a9ba17682ed86c,,
A,43b413315a343c741b1e,d452cf2a348cbe92,NEW_M600_TARGET,43b413315a343c741b1e,,
A,3873c8ef868e7bb1e374,d9d26d289ef634f9,NEW_M600_TARGET,3873c8ef868e7bb1e374,,
A,712736789e2ddbd39480,e19f13c47322ae0c,NEW_M600_TARGET,712736789e2ddbd39480,,
A,9a0bfda030d49e69fed0,e5071f1f8e6ae14d,NEW_M600_TARGET,9a0bfda030d49e69fed0,,
A,7e235617450b586a6da3,e9e8c814b3ebf496,NEW_M600_TARGET,7e235617450b586a6da3,,
A,25231c41c3e7c6cde953,e9f510e96989097a,NEW_M600_TARGET,25231c41c3e7c6cde953,,
A,2ba51a2d4818eec6a61d,ec0a8f5f9f069c5e,NEW_M600_TARGET,2ba51a2d4818eec6a61d,,
A,52ce735500830bc637aa,ef2c72ef25ef5764,NEW_M600_TARGET,52ce735500830bc637aa,,
A,122cca3c29513ee1f0e2,f882e7245f614fb1,NEW_M600_TARGET,122cca3c29513ee1f0e2,,
A,97bca995e22a419943e6,f9c0a218de88a128,NEW_M600_TARGET,97bca995e22a419943e6,,
A,606e803e53b10a81710d,fb611adccd38b771,NEW_M600_TARGET,606e803e53b10a81710d,,
A,aa4119da54a24a329027,fc630ac89633a172,NEW_M600_TARGET,aa4119da54a24a329027,,
A,99a4487f14ba44cf124e,fe40095132a582a8,NEW_M600_TARGET,99a4487f14ba44cf124e,,
A,fe4c2acc4cb2b7845b47,fec805ff100621b8,NEW_M600_TARGET,fe4c2acc4cb2b7845b47,,
A,08a4fc2bd63b5e4db07a,cf52b1272c4bbc5e,ONE_SIDED_RECHECK,21c853c8f4be7a146b24,AMBIGUOUS|LABELED,AMBIGUOUS
A,48845ae921909641e64e,fbe650b1bdf5daa4,ONE_SIDED_RECHECK,bc8be805a04f845d14e9,SKIP|LABELED,SKIP
A,20b42b2c4fb76ee75d35,4ac81bc43e947bb9,ONE_SIDED_RECHECK,b47c78826192a34d9186,AMBIGUOUS|LABELED,AMBIGUOUS
A,7eb7f1719f43916451b5,e8a6912665dea1f6,ONE_SIDED_RECHECK,e91779a06a71a4ccf212,SKIP|LABELED,SKIP
A,e872c3844796a6904b32,1bb2b2326864db99,ONE_SIDED_RECHECK,aded389f8c467e659503,SKIP|LABELED,SKIP
A,e1d8a097173037172e04,24b80c44a1ca9878,ONE_SIDED_RECHECK,6244584d7f357a8d2527,SKIP|LABELED,SKIP
A,d70ebf52b277c872255e,0e32f801ec4375de,ONE_SIDED_RECHECK,8a2a1e3fac71eb908324,AMBIGUOUS|LABELED,AMBIGUOUS
A,e4fac61aeaeed633b0a1,0aba074f8cf61c54,ONE_SIDED_RECHECK,76e644249b7f15f2a7dc,SKIP|LABELED,SKIP
A,ae518776dc3367622ac3,bdfcc2cddf032408,ONE_SIDED_RECHECK,a4431f87b81b93856f70,AMBIGUOUS|LABELED,AMBIGUOUS
A,1825be75bce25500c706,f251048ed7cbe7df,ONE_SIDED_RECHECK,91758e4251bfc4c486c9,AMBIGUOUS|LABELED,AMBIGUOUS
A,961472f919cf6635f324,fbbdf92bf861d664,ONE_SIDED_RECHECK,7d17f5e287d064a52b0c,AMBIGUOUS|LABELED,AMBIGUOUS
A,e13048f9598fec30177c,75bb9116f3c34c09,ONE_SIDED_RECHECK,8835850b8538842ed455,AMBIGUOUS|LABELED,AMBIGUOUS
B,4650eca2f2b99e3446c6,0022a02f8b3f9bbc,NEW_M600_TARGET,4650eca2f2b99e3446c6,,
B,d7cb789f3205c37d1ba9,021abe13d822d18d,NEW_M600_TARGET,d7cb789f3205c37d1ba9,,
B,0051debe514e7f3bec03,06e785d13145782c,NEW_M600_TARGET,0051debe514e7f3bec03,,
B,7924ca0ccda1f6b2deed,0c38f4777b43ea8b,NEW_M600_TARGET,7924ca0ccda1f6b2deed,,
B,b2979986caec8457c0ac,120aec1c4c91812e,NEW_M600_TARGET,b2979986caec8457c0ac,,
B,d5803834127312202461,1e3d8cc1e6c55d3b,NEW_M600_TARGET,d5803834127312202461,,
B,f7976f81ba3a9b34ace1,2391c6d252f26e8a,NEW_M600_TARGET,f7976f81ba3a9b34ace1,,
B,f5e4887ab9ee7e467ffd,239f1c7b133a86b3,NEW_M600_TARGET,f5e4887ab9ee7e467ffd,,
B,37945d8945b7639fd422,249b60a5ece8642d,NEW_M600_TARGET,37945d8945b7639fd422,,
B,cc0f00ffee072ce68f6e,2614083b95018c70,NEW_M600_TARGET,cc0f00ffee072ce68f6e,,
B,ea05f842241486689a86,27959531b13e3bc8,NEW_M600_TARGET,ea05f842241486689a86,,
B,f08a2ffabbab6ff00c07,288d818b5d6c0f9f,NEW_M600_TARGET,f08a2ffabbab6ff00c07,,
B,9f66709469940e69a1b3,28b456aaf83cb4d0,NEW_M600_TARGET,9f66709469940e69a1b3,,
B,bd2c1f900f9d67392a76,2abc7dccb8c41c17,NEW_M600_TARGET,bd2c1f900f9d67392a76,,
B,c5a972a96fd9541cc833,2f169f35a356eae3,NEW_M600_TARGET,c5a972a96fd9541cc833,,
B,31e842049055d9980a13,32222327ec5335cf,NEW_M600_TARGET,31e842049055d9980a13,,
B,fd5464c5f5a9ed1890be,3579202ecfa3ba24,NEW_M600_TARGET,fd5464c5f5a9ed1890be,,
B,35600b58d800548c3857,37f8cd9bb1920132,NEW_M600_TARGET,35600b58d800548c3857,,
B,62bd9586e67eea0e325c,3879289f1e30f2ca,NEW_M600_TARGET,62bd9586e67eea0e325c,,
B,be78d1ed7b681c90e493,3fab56fa4e0c7c8f,NEW_M600_TARGET,be78d1ed7b681c90e493,,
B,dcf2228533af680fd6ad,41b62e504e8a3961,NEW_M600_TARGET,dcf2228533af680fd6ad,,
B,46285d931f85ed06a452,472866c9f3eb4a8b,NEW_M600_TARGET,46285d931f85ed06a452,,
B,c928bb4da97ddc2d3634,499d9f6ccd5018e1,NEW_M600_TARGET,c928bb4da97ddc2d3634,,
B,fad024d40c4fd85b8179,4a8f4fe58dfc838b,NEW_M600_TARGET,fad024d40c4fd85b8179,,
B,662bdf6fb8dc9a338fd0,4d3eb1c2aa3df22d,NEW_M600_TARGET,662bdf6fb8dc9a338fd0,,
B,7bf86611814bc3fc15ec,6067370ed7f26d67,NEW_M600_TARGET,7bf86611814bc3fc15ec,,
B,5e219213365fc7d267e5,6269b8e48ff2f681,NEW_M600_TARGET,5e219213365fc7d267e5,,
B,2d8726f1ffad67c18fac,65a22b6403286ca1,NEW_M600_TARGET,2d8726f1ffad67c18fac,,
B,d602fbf0fe9c1d5b47ae,6862b2b755efa2de,NEW_M600_TARGET,d602fbf0fe9c1d5b47ae,,
B,62bb554cca06b40c2148,6c2d7e5fe97e3805,NEW_M600_TARGET,62bb554cca06b40c2148,,
B,1b36545a16d37dc0bc87,6c81d93188a08bdb,NEW_M600_TARGET,1b36545a16d37dc0bc87,,
B,9b6f6900e2fe8eb6eea4,70957c6319149032,NEW_M600_TARGET,9b6f6900e2fe8eb6eea4,,
B,d6fe84573c3a9e675c38,8051a5491c68bacc,NEW_M600_TARGET,d6fe84573c3a9e675c38,,
B,1ee476661b315c57aa92,805706f459321b1f,NEW_M600_TARGET,1ee476661b315c57aa92,,
B,7cfcc1096ae34e2c9955,83ce9fe5b4528fb6,NEW_M600_TARGET,7cfcc1096ae34e2c9955,,
B,eb3141e986c7a246fdd9,84149baf0b692659,NEW_M600_TARGET,eb3141e986c7a246fdd9,,
B,5afe63dcaf172b735fc0,850c4b9e8579b256,NEW_M600_TARGET,5afe63dcaf172b735fc0,,
B,1e50f5b28f5dafa761eb,882736286d5514b8,NEW_M600_TARGET,1e50f5b28f5dafa761eb,,
B,d6f0e69a968f2ef063f8,89ba663026c60a7f,NEW_M600_TARGET,d6f0e69a968f2ef063f8,,
B,59eea30d26e4dec99e3d,8bccfaf24cb6bd28,NEW_M600_TARGET,59eea30d26e4dec99e3d,,
B,994a78bff5859e4d75b2,8e5142c19b9f51a5,NEW_M600_TARGET,994a78bff5859e4d75b2,,
B,1850ebcf73982b46501d,8f0d2b339f19c3a0,NEW_M600_TARGET,1850ebcf73982b46501d,,
B,635ddcafceee9b69d666,90d4fcf322602a0e,NEW_M600_TARGET,635ddcafceee9b69d666,,
B,3ee4bd2aeef348d52cb2,9bab53b6320ea504,NEW_M600_TARGET,3ee4bd2aeef348d52cb2,,
B,fec5dbf2ba487e454e3f,a13f3fe8d1b6401e,NEW_M600_TARGET,fec5dbf2ba487e454e3f,,
B,c6896e0091349eda8eef,a9c210f892f500f4,NEW_M600_TARGET,c6896e0091349eda8eef,,
B,37d774d33da44b915849,abcf432f121fc278,NEW_M600_TARGET,37d774d33da44b915849,,
B,ab6c24cce6fc5585ca97,adf21d9d5f36829e,NEW_M600_TARGET,ab6c24cce6fc5585ca97,,
B,a1eefedfd07fa5bad261,ae112a0d738a73a6,NEW_M600_TARGET,a1eefedfd07fa5bad261,,
B,3348c0ca8d5d18769d9c,b1246b0cc56b758f,NEW_M600_TARGET,3348c0ca8d5d18769d9c,,
B,9e6135243e2456c4626b,b572312640da1b77,NEW_M600_TARGET,9e6135243e2456c4626b,,
B,ba6b4d2d631db678cf4c,c0a6b7d9eb44f5cf,NEW_M600_TARGET,ba6b4d2d631db678cf4c,,
B,79b0659d2d3426d04171,c26412cc14adf60e,NEW_M600_TARGET,79b0659d2d3426d04171,,
B,1b5e0d20f0253efb2efc,c447c023a2c57d5d,NEW_M600_TARGET,1b5e0d20f0253efb2efc,,
B,c9b7f1d4902b0b969101,c5d3739c5d2e3840,NEW_M600_TARGET,c9b7f1d4902b0b969101,,
B,d6b80371a23f933a5d06,c6c873b2be3ea780,NEW_M600_TARGET,d6b80371a23f933a5d06,,
B,0beb35e6e863a95a7205,cbe3bedd36b13ca5,NEW_M600_TARGET,0beb35e6e863a95a7205,,
B,bd59746e0f972a9f06cc,ce742a7d89faf3d8,NEW_M600_TARGET,bd59746e0f972a9f06cc,,
B,a7248cb868a59820064c,ced35c8c2661ae2a,NEW_M600_TARGET,a7248cb868a59820064c,,
B,02b3b502545c655fe528,ced37bc8cc8e1210,NEW_M600_TARGET,02b3b502545c655fe528,,
B,11d369514255dc87f487,d452cf2a348cbe92,NEW_M600_TARGET,11d369514255dc87f487,,
B,e32c18bc93573fa73306,d9d26d289ef634f9,NEW_M600_TARGET,e32c18bc93573fa73306,,
B,6ef481af5fdd26460eb7,e19f13c47322ae0c,NEW_M600_TARGET,6ef481af5fdd26460eb7,,
B,ffb8cab4aa19f877c292,e5071f1f8e6ae14d,NEW_M600_TARGET,ffb8cab4aa19f877c292,,
B,f1633f8e9bf2c4fac76b,e9e8c814b3ebf496,NEW_M600_TARGET,f1633f8e9bf2c4fac76b,,
B,4f606191ff1badddc70c,e9f510e96989097a,NEW_M600_TARGET,4f606191ff1badddc70c,,
B,8243cbd1a689be5d05de,ec0a8f5f9f069c5e,NEW_M600_TARGET,8243cbd1a689be5d05de,,
B,9895d6c7333c14c5fd66,ef2c72ef25ef5764,NEW_M600_TARGET,9895d6c7333c14c5fd66,,
B,df02926d83f8f109836b,f882e7245f614fb1,NEW_M600_TARGET,df02926d83f8f109836b,,
B,a31906505d6dff579f57,f9c0a218de88a128,NEW_M600_TARGET,a31906505d6dff579f57,,
B,8a58ba368c494dc53875,fb611adccd38b771,NEW_M600_TARGET,8a58ba368c494dc53875,,
B,78e50794cb72006e21bd,fc630ac89633a172,NEW_M600_TARGET,78e50794cb72006e21bd,,
B,045448313cb7cca1eb8d,fe40095132a582a8,NEW_M600_TARGET,045448313cb7cca1eb8d,,
B,efa950c104d9f92545d9,fec805ff100621b8,NEW_M600_TARGET,efa950c104d9f92545d9,,
B,ad83871368b836a5a080,33adb03f58d0db3b,ONE_SIDED_RECHECK,2d9465f0b4b137706e03,LABELED|AMBIGUOUS,AMBIGUOUS
B,e2838031919cef794952,ed39c0bea4c8e8d8,ONE_SIDED_RECHECK,309993347a538a7bf365,LABELED|SKIP,SKIP
B,7afe038477e6a3242419,c42c861402c080cb,ONE_SIDED_RECHECK,5d525336af98527da2f4,LABELED|SKIP,SKIP
B,99cfa597a48c446d3394,17e2992a05f375c3,ONE_SIDED_RECHECK,a8a9aabdfc0c015fb83d,LABELED|AMBIGUOUS,AMBIGUOUS
B,239fb80727d1c0aaf888,bb54e96164aa272d,ONE_SIDED_RECHECK,d335b200cd1a39d8cbb1,LABELED|AMBIGUOUS,AMBIGUOUS
B,4e42f0ce4e128cdc8105,1c634a0497c6fe3f,ONE_SIDED_RECHECK,ee98e0dda9979ab6d6e2,LABELED|AMBIGUOUS,AMBIGUOUS
B,8669c9dcfd0a854a9aa2,ec815eecd4e1239d,ONE_SIDED_RECHECK,85052467a35075b04539,LABELED|SKIP,SKIP
B,e7b150640db62ac12b71,ea5cf0f963a7aec8,ONE_SIDED_RECHECK,857be25e92e4e8e33467,LABELED|AMBIGUOUS,AMBIGUOUS
B,2f0bcd00096ee0bec01f,de5758edb422a308,ONE_SIDED_RECHECK,eb487b37b9bcb84ab271,LABELED|AMBIGUOUS,AMBIGUOUS
B,b9130fc077c41cc1a0a2,197c5c28d083a2fc,ONE_SIDED_RECHECK,049788ffe4208fb3daab,LABELED|AMBIGUOUS,AMBIGUOUS
B,95e535dfd174d8bdde60,26e8b75d028d066b,ONE_SIDED_RECHECK,91117b3dd9a073f0d8ec,LABELED|AMBIGUOUS,AMBIGUOUS
B,1c73331c467f3f03890a,fc2ccb14e2f3e01e,ONE_SIDED_RECHECK,067320f17040968b5a7f,LABELED|AMBIGUOUS,AMBIGUOUS
B,a6ad9a65479d0d6cb114,2763fc5bae473eda,ONE_SIDED_RECHECK,c2d6088fe171edf08f61,LABELED|AMBIGUOUS,AMBIGUOUS
B,d808a3bd94e035dc00ad,97167e1b99bae76b,ONE_SIDED_RECHECK,25e080a00ca7540dc727,LABELED|AMBIGUOUS,AMBIGUOUS
B,8aadf4bd120d782dfc8a,f089723f8160d109,ONE_SIDED_RECHECK,781222248b91f3044ea7,LABELED|AMBIGUOUS,AMBIGUOUS
B,e2ba5ac0b02b0db7449e,67b62b86c2b79a95,ONE_SIDED_RECHECK,fd1b058d00883b845a1e,LABELED|AMBIGUOUS,AMBIGUOUS
B,7ffad95ee77b3c9ec340,04252c8f5d8f4fb8,ONE_SIDED_RECHECK,45afc0248e384e12412a,LABELED|AMBIGUOUS,AMBIGUOUS
