mode,held_out,target,uses_target_GT,NRC_source_supervised_targetGTfree,NRC_score_ar_size_linear,NRC_geometry_selector,NRC_standalone_tta_proxy,src_beats_sizelin,proxy_below_random
leave_detector,rtmdet,DIOR-R/61(rtmdet),False,0.6989,0.6591,0.7806,0.5715,False,True
leave_detector,orcnn,DIOR-R/3(orcnn),False,0.3793,0.7011,0.4272,0.547,True,True
leave_detector,orcnn,SODA-A/4(orcnn),False,0.3797,0.5816,0.411,0.5339,True,True
leave_detector,orcnn,FAIR1M-v1.0/5(orcnn),False,0.5811,0.6633,0.5957,0.8209,True,True
leave_detector,lsknet,DIOR-R/10(lsknet),False,0.3667,0.6699,0.3845,0.5773,True,True
leave_detector,lsknet,SODA-A/11(lsknet),False,0.3785,0.563,0.4019,0.544,True,True
leave_detector,lsknet,FAIR1M-v1.0/12(lsknet),False,0.5893,0.6793,0.6008,0.8267,True,True
leave_dataset,FAIR1M-v1.0,FAIR1M-v1.0/5(orcnn),False,0.5877,0.6635,,,True,
leave_dataset,FAIR1M-v1.0,FAIR1M-v1.0/12(lsknet),False,0.5962,0.6797,,,True,
