dataset,baseline_id,track,NRC,NRC_ci,AURC,Risk@70
DIOR-R,22,A_phase_mod_intrinsic,1.1556,"[1.1147, 1.1928]",1.7728,1.607
DIOR-R,22,B_detection_score,0.5629,"[0.5442, 0.5812]",1.0871,1.364
DIOR-R,22,C_geometry_selector,0.3563,"[0.3376, 0.3759]",0.8481,1.123
SODA-A,23,A_phase_mod_intrinsic,1.1167,"[1.1056, 1.1285]",2.3548,2.055
SODA-A,23,B_detection_score,0.9823,"[0.9676, 0.998]",2.1574,2.065
SODA-A,23,C_geometry_selector,0.3893,"[0.3846, 0.395]",1.2866,1.642
FAIR1M-v1.0,24,A_phase_mod_intrinsic,1.1205,"[1.0841, 1.155]",2.5755,2.329
FAIR1M-v1.0,24,B_detection_score,0.896,"[0.8662, 0.9294]",2.2197,2.333
FAIR1M-v1.0,24,C_geometry_selector,0.5185,"[0.5005, 0.5345]",1.6216,2.058
