cell,dataset,detector,score,result_role,risk_event,mask_definition,aspect_ratio_source,eligible_instance_definition,ar_threshold,alpha,delta,candidate_index,target_coverage,threshold,threshold_source,fixed_sequence_state,certified,selected,calib_image_events,calib_images,exact_clopper_pearson_ucb_calib,audit_image_event_rate,audit_image_events,audit_images,audit_nonempty_image_prop,audit_used_for_selection,note
A,DIOR-R,rotated_retinanet_psc,detection_score,SECONDARY,image_has_any_geometry_normalized_severe,matched_gt_ar_ge_2.1_exclude_pred_or_gt_near_square,matched_GT_box,one_to_one_class_matched_prediction_IoU_ge_0.5_with_GT_ar_ge_2.1,2.1,0.03,0.1,0,0.1,0.9775531411170959,D_cal-fit_only,CERTIFIED,True,False,0,3003,0.0007664677161693528,0.0,0,5900,0.12661016949152543,False,"strict binary image event; exact CP is secondary only, never the primary bounded loss"
A,DIOR-R,rotated_retinanet_psc,detection_score,SECONDARY,image_has_any_geometry_normalized_severe,matched_gt_ar_ge_2.1_exclude_pred_or_gt_near_square,matched_GT_box,one_to_one_class_matched_prediction_IoU_ge_0.5_with_GT_ar_ge_2.1,2.1,0.03,0.1,1,0.2,0.9465573310852051,D_cal-fit_only,CERTIFIED,True,False,0,3003,0.0007664677161693528,0.00016949152542372882,1,5900,0.17915254237288136,False,"strict binary image event; exact CP is secondary only, never the primary bounded loss"
A,DIOR-R,rotated_retinanet_psc,detection_score,SECONDARY,image_has_any_geometry_normalized_severe,matched_gt_ar_ge_2.1_exclude_pred_or_gt_near_square,matched_GT_box,one_to_one_class_matched_prediction_IoU_ge_0.5_with_GT_ar_ge_2.1,2.1,0.03,0.1,2,0.3,0.9071020662784577,D_cal-fit_only,CERTIFIED,True,False,1,3003,0.0012946550631259197,0.00033898305084745765,2,5900,0.20610169491525424,False,"strict binary image event; exact CP is secondary only, never the primary bounded loss"
A,DIOR-R,rotated_retinanet_psc,detection_score,SECONDARY,image_has_any_geometry_normalized_severe,matched_gt_ar_ge_2.1_exclude_pred_or_gt_near_square,matched_GT_box,one_to_one_class_matched_prediction_IoU_ge_0.5_with_GT_ar_ge_2.1,2.1,0.03,0.1,3,0.4,0.8462442278861999,D_cal-fit_only,CERTIFIED,True,False,2,3003,0.0017713542791100156,0.0006779661016949153,4,5900,0.23152542372881357,False,"strict binary image event; exact CP is secondary only, never the primary bounded loss"
A,DIOR-R,rotated_retinanet_psc,detection_score,SECONDARY,image_has_any_geometry_normalized_severe,matched_gt_ar_ge_2.1_exclude_pred_or_gt_near_square,matched_GT_box,one_to_one_class_matched_prediction_IoU_ge_0.5_with_GT_ar_ge_2.1,2.1,0.03,0.1,4,0.5,0.7414065301418304,D_cal-fit_only,CERTIFIED,True,False,5,3003,0.0030862715968394535,0.0013559322033898306,8,5900,0.2628813559322034,False,"strict binary image event; exact CP is secondary only, never the primary bounded loss"
A,DIOR-R,rotated_retinanet_psc,detection_score,SECONDARY,image_has_any_geometry_normalized_severe,matched_gt_ar_ge_2.1_exclude_pred_or_gt_near_square,matched_GT_box,one_to_one_class_matched_prediction_IoU_ge_0.5_with_GT_ar_ge_2.1,2.1,0.03,0.1,5,0.6,0.5930420160293579,D_cal-fit_only,CERTIFIED,True,False,19,3003,0.008615630947167914,0.004067796610169492,24,5900,0.3157627118644068,False,"strict binary image event; exact CP is secondary only, never the primary bounded loss"
A,DIOR-R,rotated_retinanet_psc,detection_score,SECONDARY,image_has_any_geometry_normalized_severe,matched_gt_ar_ge_2.1_exclude_pred_or_gt_near_square,matched_GT_box,one_to_one_class_matched_prediction_IoU_ge_0.5_with_GT_ar_ge_2.1,2.1,0.03,0.1,6,0.7,0.44360528588294984,D_cal-fit_only,CERTIFIED,True,False,30,3003,0.012741253648092995,0.00711864406779661,42,5900,0.37389830508474575,False,"strict binary image event; exact CP is secondary only, never the primary bounded loss"
A,DIOR-R,rotated_retinanet_psc,detection_score,SECONDARY,image_has_any_geometry_normalized_severe,matched_gt_ar_ge_2.1_exclude_pred_or_gt_near_square,matched_GT_box,one_to_one_class_matched_prediction_IoU_ge_0.5_with_GT_ar_ge_2.1,2.1,0.03,0.1,7,0.8,0.3130104184150696,D_cal-fit_only,CERTIFIED,True,False,35,3003,0.014587615465191404,0.009661016949152543,57,5900,0.44016949152542373,False,"strict binary image event; exact CP is secondary only, never the primary bounded loss"
A,DIOR-R,rotated_retinanet_psc,detection_score,SECONDARY,image_has_any_geometry_normalized_severe,matched_gt_ar_ge_2.1_exclude_pred_or_gt_near_square,matched_GT_box,one_to_one_class_matched_prediction_IoU_ge_0.5_with_GT_ar_ge_2.1,2.1,0.03,0.1,8,0.9,0.18289970308542253,D_cal-fit_only,CERTIFIED,True,False,53,3003,0.02114314998753418,0.016440677966101696,97,5900,0.5272881355932203,False,"strict binary image event; exact CP is secondary only, never the primary bounded loss"
A,DIOR-R,rotated_retinanet_psc,detection_score,SECONDARY,image_has_any_geometry_normalized_severe,matched_gt_ar_ge_2.1_exclude_pred_or_gt_near_square,matched_GT_box,one_to_one_class_matched_prediction_IoU_ge_0.5_with_GT_ar_ge_2.1,2.1,0.03,0.1,9,1.0,0.050029996782541275,D_cal-fit_only,CERTIFIED,True,True,76,3003,0.029388577875570157,0.02847457627118644,168,5900,0.5922033898305085,False,"strict binary image event; exact CP is secondary only, never the primary bounded loss"
A,DIOR-R,rotated_retinanet_psc,detection_score,SECONDARY,image_has_any_geometry_normalized_severe,matched_gt_ar_ge_2.1_exclude_pred_or_gt_near_square,matched_GT_box,one_to_one_class_matched_prediction_IoU_ge_0.5_with_GT_ar_ge_2.1,2.1,0.05,0.1,0,0.1,0.9775531411170959,D_cal-fit_only,CERTIFIED,True,False,0,3003,0.0007664677161693528,0.0,0,5900,0.12661016949152543,False,"strict binary image event; exact CP is secondary only, never the primary bounded loss"
A,DIOR-R,rotated_retinanet_psc,detection_score,SECONDARY,image_has_any_geometry_normalized_severe,matched_gt_ar_ge_2.1_exclude_pred_or_gt_near_square,matched_GT_box,one_to_one_class_matched_prediction_IoU_ge_0.5_with_GT_ar_ge_2.1,2.1,0.05,0.1,1,0.2,0.9465573310852051,D_cal-fit_only,CERTIFIED,True,False,0,3003,0.0007664677161693528,0.00016949152542372882,1,5900,0.17915254237288136,False,"strict binary image event; exact CP is secondary only, never the primary bounded loss"
A,DIOR-R,rotated_retinanet_psc,detection_score,SECONDARY,image_has_any_geometry_normalized_severe,matched_gt_ar_ge_2.1_exclude_pred_or_gt_near_square,matched_GT_box,one_to_one_class_matched_prediction_IoU_ge_0.5_with_GT_ar_ge_2.1,2.1,0.05,0.1,2,0.3,0.9071020662784577,D_cal-fit_only,CERTIFIED,True,False,1,3003,0.0012946550631259197,0.00033898305084745765,2,5900,0.20610169491525424,False,"strict binary image event; exact CP is secondary only, never the primary bounded loss"
A,DIOR-R,rotated_retinanet_psc,detection_score,SECONDARY,image_has_any_geometry_normalized_severe,matched_gt_ar_ge_2.1_exclude_pred_or_gt_near_square,matched_GT_box,one_to_one_class_matched_prediction_IoU_ge_0.5_with_GT_ar_ge_2.1,2.1,0.05,0.1,3,0.4,0.8462442278861999,D_cal-fit_only,CERTIFIED,True,False,2,3003,0.0017713542791100156,0.0006779661016949153,4,5900,0.23152542372881357,False,"strict binary image event; exact CP is secondary only, never the primary bounded loss"
A,DIOR-R,rotated_retinanet_psc,detection_score,SECONDARY,image_has_any_geometry_normalized_severe,matched_gt_ar_ge_2.1_exclude_pred_or_gt_near_square,matched_GT_box,one_to_one_class_matched_prediction_IoU_ge_0.5_with_GT_ar_ge_2.1,2.1,0.05,0.1,4,0.5,0.7414065301418304,D_cal-fit_only,CERTIFIED,True,False,5,3003,0.0030862715968394535,0.0013559322033898306,8,5900,0.2628813559322034,False,"strict binary image event; exact CP is secondary only, never the primary bounded loss"
A,DIOR-R,rotated_retinanet_psc,detection_score,SECONDARY,image_has_any_geometry_normalized_severe,matched_gt_ar_ge_2.1_exclude_pred_or_gt_near_square,matched_GT_box,one_to_one_class_matched_prediction_IoU_ge_0.5_with_GT_ar_ge_2.1,2.1,0.05,0.1,5,0.6,0.5930420160293579,D_cal-fit_only,CERTIFIED,True,False,19,3003,0.008615630947167914,0.004067796610169492,24,5900,0.3157627118644068,False,"strict binary image event; exact CP is secondary only, never the primary bounded loss"
A,DIOR-R,rotated_retinanet_psc,detection_score,SECONDARY,image_has_any_geometry_normalized_severe,matched_gt_ar_ge_2.1_exclude_pred_or_gt_near_square,matched_GT_box,one_to_one_class_matched_prediction_IoU_ge_0.5_with_GT_ar_ge_2.1,2.1,0.05,0.1,6,0.7,0.44360528588294984,D_cal-fit_only,CERTIFIED,True,False,30,3003,0.012741253648092995,0.00711864406779661,42,5900,0.37389830508474575,False,"strict binary image event; exact CP is secondary only, never the primary bounded loss"
A,DIOR-R,rotated_retinanet_psc,detection_score,SECONDARY,image_has_any_geometry_normalized_severe,matched_gt_ar_ge_2.1_exclude_pred_or_gt_near_square,matched_GT_box,one_to_one_class_matched_prediction_IoU_ge_0.5_with_GT_ar_ge_2.1,2.1,0.05,0.1,7,0.8,0.3130104184150696,D_cal-fit_only,CERTIFIED,True,False,35,3003,0.014587615465191404,0.009661016949152543,57,5900,0.44016949152542373,False,"strict binary image event; exact CP is secondary only, never the primary bounded loss"
A,DIOR-R,rotated_retinanet_psc,detection_score,SECONDARY,image_has_any_geometry_normalized_severe,matched_gt_ar_ge_2.1_exclude_pred_or_gt_near_square,matched_GT_box,one_to_one_class_matched_prediction_IoU_ge_0.5_with_GT_ar_ge_2.1,2.1,0.05,0.1,8,0.9,0.18289970308542253,D_cal-fit_only,CERTIFIED,True,False,53,3003,0.02114314998753418,0.016440677966101696,97,5900,0.5272881355932203,False,"strict binary image event; exact CP is secondary only, never the primary bounded loss"
A,DIOR-R,rotated_retinanet_psc,detection_score,SECONDARY,image_has_any_geometry_normalized_severe,matched_gt_ar_ge_2.1_exclude_pred_or_gt_near_square,matched_GT_box,one_to_one_class_matched_prediction_IoU_ge_0.5_with_GT_ar_ge_2.1,2.1,0.05,0.1,9,1.0,0.050029996782541275,D_cal-fit_only,CERTIFIED,True,True,76,3003,0.029388577875570157,0.02847457627118644,168,5900,0.5922033898305085,False,"strict binary image event; exact CP is secondary only, never the primary bounded loss"
A,DIOR-R,rotated_retinanet_psc,detection_score,SECONDARY,image_has_any_geometry_normalized_severe,matched_gt_ar_ge_2.1_exclude_pred_or_gt_near_square,matched_GT_box,one_to_one_class_matched_prediction_IoU_ge_0.5_with_GT_ar_ge_2.1,2.1,0.1,0.1,0,0.1,0.9775531411170959,D_cal-fit_only,CERTIFIED,True,False,0,3003,0.0007664677161693528,0.0,0,5900,0.12661016949152543,False,"strict binary image event; exact CP is secondary only, never the primary bounded loss"
A,DIOR-R,rotated_retinanet_psc,detection_score,SECONDARY,image_has_any_geometry_normalized_severe,matched_gt_ar_ge_2.1_exclude_pred_or_gt_near_square,matched_GT_box,one_to_one_class_matched_prediction_IoU_ge_0.5_with_GT_ar_ge_2.1,2.1,0.1,0.1,1,0.2,0.9465573310852051,D_cal-fit_only,CERTIFIED,True,False,0,3003,0.0007664677161693528,0.00016949152542372882,1,5900,0.17915254237288136,False,"strict binary image event; exact CP is secondary only, never the primary bounded loss"
A,DIOR-R,rotated_retinanet_psc,detection_score,SECONDARY,image_has_any_geometry_normalized_severe,matched_gt_ar_ge_2.1_exclude_pred_or_gt_near_square,matched_GT_box,one_to_one_class_matched_prediction_IoU_ge_0.5_with_GT_ar_ge_2.1,2.1,0.1,0.1,2,0.3,0.9071020662784577,D_cal-fit_only,CERTIFIED,True,False,1,3003,0.0012946550631259197,0.00033898305084745765,2,5900,0.20610169491525424,False,"strict binary image event; exact CP is secondary only, never the primary bounded loss"
A,DIOR-R,rotated_retinanet_psc,detection_score,SECONDARY,image_has_any_geometry_normalized_severe,matched_gt_ar_ge_2.1_exclude_pred_or_gt_near_square,matched_GT_box,one_to_one_class_matched_prediction_IoU_ge_0.5_with_GT_ar_ge_2.1,2.1,0.1,0.1,3,0.4,0.8462442278861999,D_cal-fit_only,CERTIFIED,True,False,2,3003,0.0017713542791100156,0.0006779661016949153,4,5900,0.23152542372881357,False,"strict binary image event; exact CP is secondary only, never the primary bounded loss"
A,DIOR-R,rotated_retinanet_psc,detection_score,SECONDARY,image_has_any_geometry_normalized_severe,matched_gt_ar_ge_2.1_exclude_pred_or_gt_near_square,matched_GT_box,one_to_one_class_matched_prediction_IoU_ge_0.5_with_GT_ar_ge_2.1,2.1,0.1,0.1,4,0.5,0.7414065301418304,D_cal-fit_only,CERTIFIED,True,False,5,3003,0.0030862715968394535,0.0013559322033898306,8,5900,0.2628813559322034,False,"strict binary image event; exact CP is secondary only, never the primary bounded loss"
A,DIOR-R,rotated_retinanet_psc,detection_score,SECONDARY,image_has_any_geometry_normalized_severe,matched_gt_ar_ge_2.1_exclude_pred_or_gt_near_square,matched_GT_box,one_to_one_class_matched_prediction_IoU_ge_0.5_with_GT_ar_ge_2.1,2.1,0.1,0.1,5,0.6,0.5930420160293579,D_cal-fit_only,CERTIFIED,True,False,19,3003,0.008615630947167914,0.004067796610169492,24,5900,0.3157627118644068,False,"strict binary image event; exact CP is secondary only, never the primary bounded loss"
A,DIOR-R,rotated_retinanet_psc,detection_score,SECONDARY,image_has_any_geometry_normalized_severe,matched_gt_ar_ge_2.1_exclude_pred_or_gt_near_square,matched_GT_box,one_to_one_class_matched_prediction_IoU_ge_0.5_with_GT_ar_ge_2.1,2.1,0.1,0.1,6,0.7,0.44360528588294984,D_cal-fit_only,CERTIFIED,True,False,30,3003,0.012741253648092995,0.00711864406779661,42,5900,0.37389830508474575,False,"strict binary image event; exact CP is secondary only, never the primary bounded loss"
A,DIOR-R,rotated_retinanet_psc,detection_score,SECONDARY,image_has_any_geometry_normalized_severe,matched_gt_ar_ge_2.1_exclude_pred_or_gt_near_square,matched_GT_box,one_to_one_class_matched_prediction_IoU_ge_0.5_with_GT_ar_ge_2.1,2.1,0.1,0.1,7,0.8,0.3130104184150696,D_cal-fit_only,CERTIFIED,True,False,35,3003,0.014587615465191404,0.009661016949152543,57,5900,0.44016949152542373,False,"strict binary image event; exact CP is secondary only, never the primary bounded loss"
A,DIOR-R,rotated_retinanet_psc,detection_score,SECONDARY,image_has_any_geometry_normalized_severe,matched_gt_ar_ge_2.1_exclude_pred_or_gt_near_square,matched_GT_box,one_to_one_class_matched_prediction_IoU_ge_0.5_with_GT_ar_ge_2.1,2.1,0.1,0.1,8,0.9,0.18289970308542253,D_cal-fit_only,CERTIFIED,True,False,53,3003,0.02114314998753418,0.016440677966101696,97,5900,0.5272881355932203,False,"strict binary image event; exact CP is secondary only, never the primary bounded loss"
A,DIOR-R,rotated_retinanet_psc,detection_score,SECONDARY,image_has_any_geometry_normalized_severe,matched_gt_ar_ge_2.1_exclude_pred_or_gt_near_square,matched_GT_box,one_to_one_class_matched_prediction_IoU_ge_0.5_with_GT_ar_ge_2.1,2.1,0.1,0.1,9,1.0,0.050029996782541275,D_cal-fit_only,CERTIFIED,True,True,76,3003,0.029388577875570157,0.02847457627118644,168,5900,0.5922033898305085,False,"strict binary image event; exact CP is secondary only, never the primary bounded loss"
B,DIOR-R,oriented_rcnn,detection_score,SECONDARY,image_has_any_geometry_normalized_severe,matched_gt_ar_ge_2.1_exclude_pred_or_gt_near_square,matched_GT_box,one_to_one_class_matched_prediction_IoU_ge_0.5_with_GT_ar_ge_2.1,2.1,0.03,0.1,0,0.1,0.9994513869285584,D_cal-fit_only,CERTIFIED,True,False,0,3003,0.0007664677161693528,0.0,0,5900,0.16203389830508474,False,"strict binary image event; exact CP is secondary only, never the primary bounded loss"
B,DIOR-R,oriented_rcnn,detection_score,SECONDARY,image_has_any_geometry_normalized_severe,matched_gt_ar_ge_2.1_exclude_pred_or_gt_near_square,matched_GT_box,one_to_one_class_matched_prediction_IoU_ge_0.5_with_GT_ar_ge_2.1,2.1,0.03,0.1,1,0.2,0.9987605333328247,D_cal-fit_only,CERTIFIED,True,False,0,3003,0.0007664677161693528,0.0,0,5900,0.22406779661016948,False,"strict binary image event; exact CP is secondary only, never the primary bounded loss"
B,DIOR-R,oriented_rcnn,detection_score,SECONDARY,image_has_any_geometry_normalized_severe,matched_gt_ar_ge_2.1_exclude_pred_or_gt_near_square,matched_GT_box,one_to_one_class_matched_prediction_IoU_ge_0.5_with_GT_ar_ge_2.1,2.1,0.03,0.1,2,0.3,0.9976284384727478,D_cal-fit_only,CERTIFIED,True,False,0,3003,0.0007664677161693528,0.0,0,5900,0.26016949152542374,False,"strict binary image event; exact CP is secondary only, never the primary bounded loss"
B,DIOR-R,oriented_rcnn,detection_score,SECONDARY,image_has_any_geometry_normalized_severe,matched_gt_ar_ge_2.1_exclude_pred_or_gt_near_square,matched_GT_box,one_to_one_class_matched_prediction_IoU_ge_0.5_with_GT_ar_ge_2.1,2.1,0.03,0.1,3,0.4,0.9955887079238892,D_cal-fit_only,CERTIFIED,True,False,0,3003,0.0007664677161693528,0.0,0,5900,0.29338983050847456,False,"strict binary image event; exact CP is secondary only, never the primary bounded loss"
B,DIOR-R,oriented_rcnn,detection_score,SECONDARY,image_has_any_geometry_normalized_severe,matched_gt_ar_ge_2.1_exclude_pred_or_gt_near_square,matched_GT_box,one_to_one_class_matched_prediction_IoU_ge_0.5_with_GT_ar_ge_2.1,2.1,0.03,0.1,4,0.5,0.991412878036499,D_cal-fit_only,CERTIFIED,True,False,3,3003,0.0022233398530958127,0.000847457627118644,5,5900,0.3293220338983051,False,"strict binary image event; exact CP is secondary only, never the primary bounded loss"
B,DIOR-R,oriented_rcnn,detection_score,SECONDARY,image_has_any_geometry_normalized_severe,matched_gt_ar_ge_2.1_exclude_pred_or_gt_near_square,matched_GT_box,one_to_one_class_matched_prediction_IoU_ge_0.5_with_GT_ar_ge_2.1,2.1,0.03,0.1,5,0.6,0.9822082638740539,D_cal-fit_only,CERTIFIED,True,False,11,3003,0.005522027422458526,0.0032203389830508474,19,5900,0.3784745762711864,False,"strict binary image event; exact CP is secondary only, never the primary bounded loss"
B,DIOR-R,oriented_rcnn,detection_score,SECONDARY,image_has_any_geometry_normalized_severe,matched_gt_ar_ge_2.1_exclude_pred_or_gt_near_square,matched_GT_box,one_to_one_class_matched_prediction_IoU_ge_0.5_with_GT_ar_ge_2.1,2.1,0.03,0.1,6,0.7,0.9581518292427063,D_cal-fit_only,CERTIFIED,True,False,20,3003,0.00899545585069069,0.005932203389830509,35,5900,0.4330508474576271,False,"strict binary image event; exact CP is secondary only, never the primary bounded loss"
B,DIOR-R,oriented_rcnn,detection_score,SECONDARY,image_has_any_geometry_normalized_severe,matched_gt_ar_ge_2.1_exclude_pred_or_gt_near_square,matched_GT_box,one_to_one_class_matched_prediction_IoU_ge_0.5_with_GT_ar_ge_2.1,2.1,0.03,0.1,7,0.8,0.8755093932151794,D_cal-fit_only,CERTIFIED,True,False,25,3003,0.010878842522698013,0.00983050847457627,58,5900,0.49830508474576274,False,"strict binary image event; exact CP is secondary only, never the primary bounded loss"
B,DIOR-R,oriented_rcnn,detection_score,SECONDARY,image_has_any_geometry_normalized_severe,matched_gt_ar_ge_2.1_exclude_pred_or_gt_near_square,matched_GT_box,one_to_one_class_matched_prediction_IoU_ge_0.5_with_GT_ar_ge_2.1,2.1,0.03,0.1,8,0.9,0.5697899460792542,D_cal-fit_only,CERTIFIED,True,False,47,3003,0.018970853871767786,0.016440677966101696,97,5900,0.5644067796610169,False,"strict binary image event; exact CP is secondary only, never the primary bounded loss"
B,DIOR-R,oriented_rcnn,detection_score,SECONDARY,image_has_any_geometry_normalized_severe,matched_gt_ar_ge_2.1_exclude_pred_or_gt_near_square,matched_GT_box,one_to_one_class_matched_prediction_IoU_ge_0.5_with_GT_ar_ge_2.1,2.1,0.03,0.1,9,1.0,0.0500916987657547,D_cal-fit_only,CERTIFIED,True,True,77,3003,0.029744751689738474,0.03152542372881356,186,5900,0.6169491525423729,False,"strict binary image event; exact CP is secondary only, never the primary bounded loss"
B,DIOR-R,oriented_rcnn,detection_score,SECONDARY,image_has_any_geometry_normalized_severe,matched_gt_ar_ge_2.1_exclude_pred_or_gt_near_square,matched_GT_box,one_to_one_class_matched_prediction_IoU_ge_0.5_with_GT_ar_ge_2.1,2.1,0.05,0.1,0,0.1,0.9994513869285584,D_cal-fit_only,CERTIFIED,True,False,0,3003,0.0007664677161693528,0.0,0,5900,0.16203389830508474,False,"strict binary image event; exact CP is secondary only, never the primary bounded loss"
B,DIOR-R,oriented_rcnn,detection_score,SECONDARY,image_has_any_geometry_normalized_severe,matched_gt_ar_ge_2.1_exclude_pred_or_gt_near_square,matched_GT_box,one_to_one_class_matched_prediction_IoU_ge_0.5_with_GT_ar_ge_2.1,2.1,0.05,0.1,1,0.2,0.9987605333328247,D_cal-fit_only,CERTIFIED,True,False,0,3003,0.0007664677161693528,0.0,0,5900,0.22406779661016948,False,"strict binary image event; exact CP is secondary only, never the primary bounded loss"
B,DIOR-R,oriented_rcnn,detection_score,SECONDARY,image_has_any_geometry_normalized_severe,matched_gt_ar_ge_2.1_exclude_pred_or_gt_near_square,matched_GT_box,one_to_one_class_matched_prediction_IoU_ge_0.5_with_GT_ar_ge_2.1,2.1,0.05,0.1,2,0.3,0.9976284384727478,D_cal-fit_only,CERTIFIED,True,False,0,3003,0.0007664677161693528,0.0,0,5900,0.26016949152542374,False,"strict binary image event; exact CP is secondary only, never the primary bounded loss"
B,DIOR-R,oriented_rcnn,detection_score,SECONDARY,image_has_any_geometry_normalized_severe,matched_gt_ar_ge_2.1_exclude_pred_or_gt_near_square,matched_GT_box,one_to_one_class_matched_prediction_IoU_ge_0.5_with_GT_ar_ge_2.1,2.1,0.05,0.1,3,0.4,0.9955887079238892,D_cal-fit_only,CERTIFIED,True,False,0,3003,0.0007664677161693528,0.0,0,5900,0.29338983050847456,False,"strict binary image event; exact CP is secondary only, never the primary bounded loss"
B,DIOR-R,oriented_rcnn,detection_score,SECONDARY,image_has_any_geometry_normalized_severe,matched_gt_ar_ge_2.1_exclude_pred_or_gt_near_square,matched_GT_box,one_to_one_class_matched_prediction_IoU_ge_0.5_with_GT_ar_ge_2.1,2.1,0.05,0.1,4,0.5,0.991412878036499,D_cal-fit_only,CERTIFIED,True,False,3,3003,0.0022233398530958127,0.000847457627118644,5,5900,0.3293220338983051,False,"strict binary image event; exact CP is secondary only, never the primary bounded loss"
B,DIOR-R,oriented_rcnn,detection_score,SECONDARY,image_has_any_geometry_normalized_severe,matched_gt_ar_ge_2.1_exclude_pred_or_gt_near_square,matched_GT_box,one_to_one_class_matched_prediction_IoU_ge_0.5_with_GT_ar_ge_2.1,2.1,0.05,0.1,5,0.6,0.9822082638740539,D_cal-fit_only,CERTIFIED,True,False,11,3003,0.005522027422458526,0.0032203389830508474,19,5900,0.3784745762711864,False,"strict binary image event; exact CP is secondary only, never the primary bounded loss"
B,DIOR-R,oriented_rcnn,detection_score,SECONDARY,image_has_any_geometry_normalized_severe,matched_gt_ar_ge_2.1_exclude_pred_or_gt_near_square,matched_GT_box,one_to_one_class_matched_prediction_IoU_ge_0.5_with_GT_ar_ge_2.1,2.1,0.05,0.1,6,0.7,0.9581518292427063,D_cal-fit_only,CERTIFIED,True,False,20,3003,0.00899545585069069,0.005932203389830509,35,5900,0.4330508474576271,False,"strict binary image event; exact CP is secondary only, never the primary bounded loss"
B,DIOR-R,oriented_rcnn,detection_score,SECONDARY,image_has_any_geometry_normalized_severe,matched_gt_ar_ge_2.1_exclude_pred_or_gt_near_square,matched_GT_box,one_to_one_class_matched_prediction_IoU_ge_0.5_with_GT_ar_ge_2.1,2.1,0.05,0.1,7,0.8,0.8755093932151794,D_cal-fit_only,CERTIFIED,True,False,25,3003,0.010878842522698013,0.00983050847457627,58,5900,0.49830508474576274,False,"strict binary image event; exact CP is secondary only, never the primary bounded loss"
B,DIOR-R,oriented_rcnn,detection_score,SECONDARY,image_has_any_geometry_normalized_severe,matched_gt_ar_ge_2.1_exclude_pred_or_gt_near_square,matched_GT_box,one_to_one_class_matched_prediction_IoU_ge_0.5_with_GT_ar_ge_2.1,2.1,0.05,0.1,8,0.9,0.5697899460792542,D_cal-fit_only,CERTIFIED,True,False,47,3003,0.018970853871767786,0.016440677966101696,97,5900,0.5644067796610169,False,"strict binary image event; exact CP is secondary only, never the primary bounded loss"
B,DIOR-R,oriented_rcnn,detection_score,SECONDARY,image_has_any_geometry_normalized_severe,matched_gt_ar_ge_2.1_exclude_pred_or_gt_near_square,matched_GT_box,one_to_one_class_matched_prediction_IoU_ge_0.5_with_GT_ar_ge_2.1,2.1,0.05,0.1,9,1.0,0.0500916987657547,D_cal-fit_only,CERTIFIED,True,True,77,3003,0.029744751689738474,0.03152542372881356,186,5900,0.6169491525423729,False,"strict binary image event; exact CP is secondary only, never the primary bounded loss"
B,DIOR-R,oriented_rcnn,detection_score,SECONDARY,image_has_any_geometry_normalized_severe,matched_gt_ar_ge_2.1_exclude_pred_or_gt_near_square,matched_GT_box,one_to_one_class_matched_prediction_IoU_ge_0.5_with_GT_ar_ge_2.1,2.1,0.1,0.1,0,0.1,0.9994513869285584,D_cal-fit_only,CERTIFIED,True,False,0,3003,0.0007664677161693528,0.0,0,5900,0.16203389830508474,False,"strict binary image event; exact CP is secondary only, never the primary bounded loss"
B,DIOR-R,oriented_rcnn,detection_score,SECONDARY,image_has_any_geometry_normalized_severe,matched_gt_ar_ge_2.1_exclude_pred_or_gt_near_square,matched_GT_box,one_to_one_class_matched_prediction_IoU_ge_0.5_with_GT_ar_ge_2.1,2.1,0.1,0.1,1,0.2,0.9987605333328247,D_cal-fit_only,CERTIFIED,True,False,0,3003,0.0007664677161693528,0.0,0,5900,0.22406779661016948,False,"strict binary image event; exact CP is secondary only, never the primary bounded loss"
B,DIOR-R,oriented_rcnn,detection_score,SECONDARY,image_has_any_geometry_normalized_severe,matched_gt_ar_ge_2.1_exclude_pred_or_gt_near_square,matched_GT_box,one_to_one_class_matched_prediction_IoU_ge_0.5_with_GT_ar_ge_2.1,2.1,0.1,0.1,2,0.3,0.9976284384727478,D_cal-fit_only,CERTIFIED,True,False,0,3003,0.0007664677161693528,0.0,0,5900,0.26016949152542374,False,"strict binary image event; exact CP is secondary only, never the primary bounded loss"
B,DIOR-R,oriented_rcnn,detection_score,SECONDARY,image_has_any_geometry_normalized_severe,matched_gt_ar_ge_2.1_exclude_pred_or_gt_near_square,matched_GT_box,one_to_one_class_matched_prediction_IoU_ge_0.5_with_GT_ar_ge_2.1,2.1,0.1,0.1,3,0.4,0.9955887079238892,D_cal-fit_only,CERTIFIED,True,False,0,3003,0.0007664677161693528,0.0,0,5900,0.29338983050847456,False,"strict binary image event; exact CP is secondary only, never the primary bounded loss"
B,DIOR-R,oriented_rcnn,detection_score,SECONDARY,image_has_any_geometry_normalized_severe,matched_gt_ar_ge_2.1_exclude_pred_or_gt_near_square,matched_GT_box,one_to_one_class_matched_prediction_IoU_ge_0.5_with_GT_ar_ge_2.1,2.1,0.1,0.1,4,0.5,0.991412878036499,D_cal-fit_only,CERTIFIED,True,False,3,3003,0.0022233398530958127,0.000847457627118644,5,5900,0.3293220338983051,False,"strict binary image event; exact CP is secondary only, never the primary bounded loss"
B,DIOR-R,oriented_rcnn,detection_score,SECONDARY,image_has_any_geometry_normalized_severe,matched_gt_ar_ge_2.1_exclude_pred_or_gt_near_square,matched_GT_box,one_to_one_class_matched_prediction_IoU_ge_0.5_with_GT_ar_ge_2.1,2.1,0.1,0.1,5,0.6,0.9822082638740539,D_cal-fit_only,CERTIFIED,True,False,11,3003,0.005522027422458526,0.0032203389830508474,19,5900,0.3784745762711864,False,"strict binary image event; exact CP is secondary only, never the primary bounded loss"
B,DIOR-R,oriented_rcnn,detection_score,SECONDARY,image_has_any_geometry_normalized_severe,matched_gt_ar_ge_2.1_exclude_pred_or_gt_near_square,matched_GT_box,one_to_one_class_matched_prediction_IoU_ge_0.5_with_GT_ar_ge_2.1,2.1,0.1,0.1,6,0.7,0.9581518292427063,D_cal-fit_only,CERTIFIED,True,False,20,3003,0.00899545585069069,0.005932203389830509,35,5900,0.4330508474576271,False,"strict binary image event; exact CP is secondary only, never the primary bounded loss"
B,DIOR-R,oriented_rcnn,detection_score,SECONDARY,image_has_any_geometry_normalized_severe,matched_gt_ar_ge_2.1_exclude_pred_or_gt_near_square,matched_GT_box,one_to_one_class_matched_prediction_IoU_ge_0.5_with_GT_ar_ge_2.1,2.1,0.1,0.1,7,0.8,0.8755093932151794,D_cal-fit_only,CERTIFIED,True,False,25,3003,0.010878842522698013,0.00983050847457627,58,5900,0.49830508474576274,False,"strict binary image event; exact CP is secondary only, never the primary bounded loss"
B,DIOR-R,oriented_rcnn,detection_score,SECONDARY,image_has_any_geometry_normalized_severe,matched_gt_ar_ge_2.1_exclude_pred_or_gt_near_square,matched_GT_box,one_to_one_class_matched_prediction_IoU_ge_0.5_with_GT_ar_ge_2.1,2.1,0.1,0.1,8,0.9,0.5697899460792542,D_cal-fit_only,CERTIFIED,True,False,47,3003,0.018970853871767786,0.016440677966101696,97,5900,0.5644067796610169,False,"strict binary image event; exact CP is secondary only, never the primary bounded loss"
B,DIOR-R,oriented_rcnn,detection_score,SECONDARY,image_has_any_geometry_normalized_severe,matched_gt_ar_ge_2.1_exclude_pred_or_gt_near_square,matched_GT_box,one_to_one_class_matched_prediction_IoU_ge_0.5_with_GT_ar_ge_2.1,2.1,0.1,0.1,9,1.0,0.0500916987657547,D_cal-fit_only,CERTIFIED,True,True,77,3003,0.029744751689738474,0.03152542372881356,186,5900,0.6169491525423729,False,"strict binary image event; exact CP is secondary only, never the primary bounded loss"
C,DIOR-R,rotated_rtmdet_s,detection_score,SECONDARY,image_has_any_geometry_normalized_severe,matched_gt_ar_ge_2.1_exclude_pred_or_gt_near_square,matched_GT_box,one_to_one_class_matched_prediction_IoU_ge_0.5_with_GT_ar_ge_2.1,2.1,0.03,0.1,0,0.1,0.8845561981201172,D_cal-fit_only,CERTIFIED,True,False,0,3003,0.0007664677161693528,0.00016949152542372882,1,5900,0.16305084745762713,False,"strict binary image event; exact CP is secondary only, never the primary bounded loss"
C,DIOR-R,rotated_rtmdet_s,detection_score,SECONDARY,image_has_any_geometry_normalized_severe,matched_gt_ar_ge_2.1_exclude_pred_or_gt_near_square,matched_GT_box,one_to_one_class_matched_prediction_IoU_ge_0.5_with_GT_ar_ge_2.1,2.1,0.03,0.1,1,0.2,0.849523401260376,D_cal-fit_only,CERTIFIED,True,False,0,3003,0.0007664677161693528,0.00033898305084745765,2,5900,0.2352542372881356,False,"strict binary image event; exact CP is secondary only, never the primary bounded loss"
C,DIOR-R,rotated_rtmdet_s,detection_score,SECONDARY,image_has_any_geometry_normalized_severe,matched_gt_ar_ge_2.1_exclude_pred_or_gt_near_square,matched_GT_box,one_to_one_class_matched_prediction_IoU_ge_0.5_with_GT_ar_ge_2.1,2.1,0.03,0.1,2,0.3,0.8234467744827271,D_cal-fit_only,CERTIFIED,True,False,0,3003,0.0007664677161693528,0.00033898305084745765,2,5900,0.27661016949152545,False,"strict binary image event; exact CP is secondary only, never the primary bounded loss"
C,DIOR-R,rotated_rtmdet_s,detection_score,SECONDARY,image_has_any_geometry_normalized_severe,matched_gt_ar_ge_2.1_exclude_pred_or_gt_near_square,matched_GT_box,one_to_one_class_matched_prediction_IoU_ge_0.5_with_GT_ar_ge_2.1,2.1,0.03,0.1,3,0.4,0.7952861666679383,D_cal-fit_only,CERTIFIED,True,False,1,3003,0.0012946550631259197,0.0005084745762711864,3,5900,0.3076271186440678,False,"strict binary image event; exact CP is secondary only, never the primary bounded loss"
C,DIOR-R,rotated_rtmdet_s,detection_score,SECONDARY,image_has_any_geometry_normalized_severe,matched_gt_ar_ge_2.1_exclude_pred_or_gt_near_square,matched_GT_box,one_to_one_class_matched_prediction_IoU_ge_0.5_with_GT_ar_ge_2.1,2.1,0.03,0.1,4,0.5,0.7604750394821167,D_cal-fit_only,CERTIFIED,True,False,1,3003,0.0012946550631259197,0.001016949152542373,6,5900,0.33779661016949153,False,"strict binary image event; exact CP is secondary only, never the primary bounded loss"
C,DIOR-R,rotated_rtmdet_s,detection_score,SECONDARY,image_has_any_geometry_normalized_severe,matched_gt_ar_ge_2.1_exclude_pred_or_gt_near_square,matched_GT_box,one_to_one_class_matched_prediction_IoU_ge_0.5_with_GT_ar_ge_2.1,2.1,0.03,0.1,5,0.6,0.711475419998169,D_cal-fit_only,CERTIFIED,True,False,5,3003,0.0030862715968394535,0.0013559322033898306,8,5900,0.3706779661016949,False,"strict binary image event; exact CP is secondary only, never the primary bounded loss"
C,DIOR-R,rotated_rtmdet_s,detection_score,SECONDARY,image_has_any_geometry_normalized_severe,matched_gt_ar_ge_2.1_exclude_pred_or_gt_near_square,matched_GT_box,one_to_one_class_matched_prediction_IoU_ge_0.5_with_GT_ar_ge_2.1,2.1,0.03,0.1,6,0.7,0.6322979271411896,D_cal-fit_only,CERTIFIED,True,False,17,3003,0.007852183886434763,0.004406779661016949,26,5900,0.4140677966101695,False,"strict binary image event; exact CP is secondary only, never the primary bounded loss"
C,DIOR-R,rotated_rtmdet_s,detection_score,SECONDARY,image_has_any_geometry_normalized_severe,matched_gt_ar_ge_2.1_exclude_pred_or_gt_near_square,matched_GT_box,one_to_one_class_matched_prediction_IoU_ge_0.5_with_GT_ar_ge_2.1,2.1,0.03,0.1,7,0.8,0.5047619342803954,D_cal-fit_only,CERTIFIED,True,True,44,3003,0.017880352444728076,0.013898305084745762,82,5900,0.48694915254237287,False,"strict binary image event; exact CP is secondary only, never the primary bounded loss"
C,DIOR-R,rotated_rtmdet_s,detection_score,SECONDARY,image_has_any_geometry_normalized_severe,matched_gt_ar_ge_2.1_exclude_pred_or_gt_near_square,matched_GT_box,one_to_one_class_matched_prediction_IoU_ge_0.5_with_GT_ar_ge_2.1,2.1,0.03,0.1,8,0.9,0.2885325342416761,D_cal-fit_only,FIRST_FAILURE,False,False,91,3003,0.03471542469680556,0.028305084745762713,167,5900,0.5657627118644067,False,"strict binary image event; exact CP is secondary only, never the primary bounded loss"
C,DIOR-R,rotated_rtmdet_s,detection_score,SECONDARY,image_has_any_geometry_normalized_severe,matched_gt_ar_ge_2.1_exclude_pred_or_gt_near_square,matched_GT_box,one_to_one_class_matched_prediction_IoU_ge_0.5_with_GT_ar_ge_2.1,2.1,0.03,0.1,9,1.0,0.05014808848500252,D_cal-fit_only,NOT_TESTED_AFTER_FAILURE,False,False,150,3003,0.05543476417465782,0.05186440677966102,306,5900,0.6254237288135593,False,"strict binary image event; exact CP is secondary only, never the primary bounded loss"
C,DIOR-R,rotated_rtmdet_s,detection_score,SECONDARY,image_has_any_geometry_normalized_severe,matched_gt_ar_ge_2.1_exclude_pred_or_gt_near_square,matched_GT_box,one_to_one_class_matched_prediction_IoU_ge_0.5_with_GT_ar_ge_2.1,2.1,0.05,0.1,0,0.1,0.8845561981201172,D_cal-fit_only,CERTIFIED,True,False,0,3003,0.0007664677161693528,0.00016949152542372882,1,5900,0.16305084745762713,False,"strict binary image event; exact CP is secondary only, never the primary bounded loss"
C,DIOR-R,rotated_rtmdet_s,detection_score,SECONDARY,image_has_any_geometry_normalized_severe,matched_gt_ar_ge_2.1_exclude_pred_or_gt_near_square,matched_GT_box,one_to_one_class_matched_prediction_IoU_ge_0.5_with_GT_ar_ge_2.1,2.1,0.05,0.1,1,0.2,0.849523401260376,D_cal-fit_only,CERTIFIED,True,False,0,3003,0.0007664677161693528,0.00033898305084745765,2,5900,0.2352542372881356,False,"strict binary image event; exact CP is secondary only, never the primary bounded loss"
C,DIOR-R,rotated_rtmdet_s,detection_score,SECONDARY,image_has_any_geometry_normalized_severe,matched_gt_ar_ge_2.1_exclude_pred_or_gt_near_square,matched_GT_box,one_to_one_class_matched_prediction_IoU_ge_0.5_with_GT_ar_ge_2.1,2.1,0.05,0.1,2,0.3,0.8234467744827271,D_cal-fit_only,CERTIFIED,True,False,0,3003,0.0007664677161693528,0.00033898305084745765,2,5900,0.27661016949152545,False,"strict binary image event; exact CP is secondary only, never the primary bounded loss"
C,DIOR-R,rotated_rtmdet_s,detection_score,SECONDARY,image_has_any_geometry_normalized_severe,matched_gt_ar_ge_2.1_exclude_pred_or_gt_near_square,matched_GT_box,one_to_one_class_matched_prediction_IoU_ge_0.5_with_GT_ar_ge_2.1,2.1,0.05,0.1,3,0.4,0.7952861666679383,D_cal-fit_only,CERTIFIED,True,False,1,3003,0.0012946550631259197,0.0005084745762711864,3,5900,0.3076271186440678,False,"strict binary image event; exact CP is secondary only, never the primary bounded loss"
C,DIOR-R,rotated_rtmdet_s,detection_score,SECONDARY,image_has_any_geometry_normalized_severe,matched_gt_ar_ge_2.1_exclude_pred_or_gt_near_square,matched_GT_box,one_to_one_class_matched_prediction_IoU_ge_0.5_with_GT_ar_ge_2.1,2.1,0.05,0.1,4,0.5,0.7604750394821167,D_cal-fit_only,CERTIFIED,True,False,1,3003,0.0012946550631259197,0.001016949152542373,6,5900,0.33779661016949153,False,"strict binary image event; exact CP is secondary only, never the primary bounded loss"
C,DIOR-R,rotated_rtmdet_s,detection_score,SECONDARY,image_has_any_geometry_normalized_severe,matched_gt_ar_ge_2.1_exclude_pred_or_gt_near_square,matched_GT_box,one_to_one_class_matched_prediction_IoU_ge_0.5_with_GT_ar_ge_2.1,2.1,0.05,0.1,5,0.6,0.711475419998169,D_cal-fit_only,CERTIFIED,True,False,5,3003,0.0030862715968394535,0.0013559322033898306,8,5900,0.3706779661016949,False,"strict binary image event; exact CP is secondary only, never the primary bounded loss"
C,DIOR-R,rotated_rtmdet_s,detection_score,SECONDARY,image_has_any_geometry_normalized_severe,matched_gt_ar_ge_2.1_exclude_pred_or_gt_near_square,matched_GT_box,one_to_one_class_matched_prediction_IoU_ge_0.5_with_GT_ar_ge_2.1,2.1,0.05,0.1,6,0.7,0.6322979271411896,D_cal-fit_only,CERTIFIED,True,False,17,3003,0.007852183886434763,0.004406779661016949,26,5900,0.4140677966101695,False,"strict binary image event; exact CP is secondary only, never the primary bounded loss"
C,DIOR-R,rotated_rtmdet_s,detection_score,SECONDARY,image_has_any_geometry_normalized_severe,matched_gt_ar_ge_2.1_exclude_pred_or_gt_near_square,matched_GT_box,one_to_one_class_matched_prediction_IoU_ge_0.5_with_GT_ar_ge_2.1,2.1,0.05,0.1,7,0.8,0.5047619342803954,D_cal-fit_only,CERTIFIED,True,False,44,3003,0.017880352444728076,0.013898305084745762,82,5900,0.48694915254237287,False,"strict binary image event; exact CP is secondary only, never the primary bounded loss"
C,DIOR-R,rotated_rtmdet_s,detection_score,SECONDARY,image_has_any_geometry_normalized_severe,matched_gt_ar_ge_2.1_exclude_pred_or_gt_near_square,matched_GT_box,one_to_one_class_matched_prediction_IoU_ge_0.5_with_GT_ar_ge_2.1,2.1,0.05,0.1,8,0.9,0.2885325342416761,D_cal-fit_only,CERTIFIED,True,True,91,3003,0.03471542469680556,0.028305084745762713,167,5900,0.5657627118644067,False,"strict binary image event; exact CP is secondary only, never the primary bounded loss"
C,DIOR-R,rotated_rtmdet_s,detection_score,SECONDARY,image_has_any_geometry_normalized_severe,matched_gt_ar_ge_2.1_exclude_pred_or_gt_near_square,matched_GT_box,one_to_one_class_matched_prediction_IoU_ge_0.5_with_GT_ar_ge_2.1,2.1,0.05,0.1,9,1.0,0.05014808848500252,D_cal-fit_only,FIRST_FAILURE,False,False,150,3003,0.05543476417465782,0.05186440677966102,306,5900,0.6254237288135593,False,"strict binary image event; exact CP is secondary only, never the primary bounded loss"
C,DIOR-R,rotated_rtmdet_s,detection_score,SECONDARY,image_has_any_geometry_normalized_severe,matched_gt_ar_ge_2.1_exclude_pred_or_gt_near_square,matched_GT_box,one_to_one_class_matched_prediction_IoU_ge_0.5_with_GT_ar_ge_2.1,2.1,0.1,0.1,0,0.1,0.8845561981201172,D_cal-fit_only,CERTIFIED,True,False,0,3003,0.0007664677161693528,0.00016949152542372882,1,5900,0.16305084745762713,False,"strict binary image event; exact CP is secondary only, never the primary bounded loss"
C,DIOR-R,rotated_rtmdet_s,detection_score,SECONDARY,image_has_any_geometry_normalized_severe,matched_gt_ar_ge_2.1_exclude_pred_or_gt_near_square,matched_GT_box,one_to_one_class_matched_prediction_IoU_ge_0.5_with_GT_ar_ge_2.1,2.1,0.1,0.1,1,0.2,0.849523401260376,D_cal-fit_only,CERTIFIED,True,False,0,3003,0.0007664677161693528,0.00033898305084745765,2,5900,0.2352542372881356,False,"strict binary image event; exact CP is secondary only, never the primary bounded loss"
C,DIOR-R,rotated_rtmdet_s,detection_score,SECONDARY,image_has_any_geometry_normalized_severe,matched_gt_ar_ge_2.1_exclude_pred_or_gt_near_square,matched_GT_box,one_to_one_class_matched_prediction_IoU_ge_0.5_with_GT_ar_ge_2.1,2.1,0.1,0.1,2,0.3,0.8234467744827271,D_cal-fit_only,CERTIFIED,True,False,0,3003,0.0007664677161693528,0.00033898305084745765,2,5900,0.27661016949152545,False,"strict binary image event; exact CP is secondary only, never the primary bounded loss"
C,DIOR-R,rotated_rtmdet_s,detection_score,SECONDARY,image_has_any_geometry_normalized_severe,matched_gt_ar_ge_2.1_exclude_pred_or_gt_near_square,matched_GT_box,one_to_one_class_matched_prediction_IoU_ge_0.5_with_GT_ar_ge_2.1,2.1,0.1,0.1,3,0.4,0.7952861666679383,D_cal-fit_only,CERTIFIED,True,False,1,3003,0.0012946550631259197,0.0005084745762711864,3,5900,0.3076271186440678,False,"strict binary image event; exact CP is secondary only, never the primary bounded loss"
C,DIOR-R,rotated_rtmdet_s,detection_score,SECONDARY,image_has_any_geometry_normalized_severe,matched_gt_ar_ge_2.1_exclude_pred_or_gt_near_square,matched_GT_box,one_to_one_class_matched_prediction_IoU_ge_0.5_with_GT_ar_ge_2.1,2.1,0.1,0.1,4,0.5,0.7604750394821167,D_cal-fit_only,CERTIFIED,True,False,1,3003,0.0012946550631259197,0.001016949152542373,6,5900,0.33779661016949153,False,"strict binary image event; exact CP is secondary only, never the primary bounded loss"
C,DIOR-R,rotated_rtmdet_s,detection_score,SECONDARY,image_has_any_geometry_normalized_severe,matched_gt_ar_ge_2.1_exclude_pred_or_gt_near_square,matched_GT_box,one_to_one_class_matched_prediction_IoU_ge_0.5_with_GT_ar_ge_2.1,2.1,0.1,0.1,5,0.6,0.711475419998169,D_cal-fit_only,CERTIFIED,True,False,5,3003,0.0030862715968394535,0.0013559322033898306,8,5900,0.3706779661016949,False,"strict binary image event; exact CP is secondary only, never the primary bounded loss"
C,DIOR-R,rotated_rtmdet_s,detection_score,SECONDARY,image_has_any_geometry_normalized_severe,matched_gt_ar_ge_2.1_exclude_pred_or_gt_near_square,matched_GT_box,one_to_one_class_matched_prediction_IoU_ge_0.5_with_GT_ar_ge_2.1,2.1,0.1,0.1,6,0.7,0.6322979271411896,D_cal-fit_only,CERTIFIED,True,False,17,3003,0.007852183886434763,0.004406779661016949,26,5900,0.4140677966101695,False,"strict binary image event; exact CP is secondary only, never the primary bounded loss"
C,DIOR-R,rotated_rtmdet_s,detection_score,SECONDARY,image_has_any_geometry_normalized_severe,matched_gt_ar_ge_2.1_exclude_pred_or_gt_near_square,matched_GT_box,one_to_one_class_matched_prediction_IoU_ge_0.5_with_GT_ar_ge_2.1,2.1,0.1,0.1,7,0.8,0.5047619342803954,D_cal-fit_only,CERTIFIED,True,False,44,3003,0.017880352444728076,0.013898305084745762,82,5900,0.48694915254237287,False,"strict binary image event; exact CP is secondary only, never the primary bounded loss"
C,DIOR-R,rotated_rtmdet_s,detection_score,SECONDARY,image_has_any_geometry_normalized_severe,matched_gt_ar_ge_2.1_exclude_pred_or_gt_near_square,matched_GT_box,one_to_one_class_matched_prediction_IoU_ge_0.5_with_GT_ar_ge_2.1,2.1,0.1,0.1,8,0.9,0.2885325342416761,D_cal-fit_only,CERTIFIED,True,False,91,3003,0.03471542469680556,0.028305084745762713,167,5900,0.5657627118644067,False,"strict binary image event; exact CP is secondary only, never the primary bounded loss"
C,DIOR-R,rotated_rtmdet_s,detection_score,SECONDARY,image_has_any_geometry_normalized_severe,matched_gt_ar_ge_2.1_exclude_pred_or_gt_near_square,matched_GT_box,one_to_one_class_matched_prediction_IoU_ge_0.5_with_GT_ar_ge_2.1,2.1,0.1,0.1,9,1.0,0.05014808848500252,D_cal-fit_only,CERTIFIED,True,True,150,3003,0.05543476417465782,0.05186440677966102,306,5900,0.6254237288135593,False,"strict binary image event; exact CP is secondary only, never the primary bounded loss"
D,FAIR1M-v1.0,rotated_retinanet_psc,detection_score,SECONDARY,image_has_any_geometry_normalized_severe,matched_gt_ar_ge_2.1_exclude_pred_or_gt_near_square,matched_GT_box,one_to_one_class_matched_prediction_IoU_ge_0.5_with_GT_ar_ge_2.1,2.1,0.03,0.1,0,0.1,0.41586804687976836,D_cal-fit_only,CERTIFIED,True,False,4,1137,0.00701808040093608,0.0009337068160597573,2,2142,0.2838468720821662,False,"strict binary image event; exact CP is secondary only, never the primary bounded loss"
D,FAIR1M-v1.0,rotated_retinanet_psc,detection_score,SECONDARY,image_has_any_geometry_normalized_severe,matched_gt_ar_ge_2.1_exclude_pred_or_gt_near_square,matched_GT_box,one_to_one_class_matched_prediction_IoU_ge_0.5_with_GT_ar_ge_2.1,2.1,0.03,0.1,1,0.2,0.3878975212574005,D_cal-fit_only,CERTIFIED,True,False,4,1137,0.00701808040093608,0.0032679738562091504,7,2142,0.3660130718954248,False,"strict binary image event; exact CP is secondary only, never the primary bounded loss"
D,FAIR1M-v1.0,rotated_retinanet_psc,detection_score,SECONDARY,image_has_any_geometry_normalized_severe,matched_gt_ar_ge_2.1_exclude_pred_or_gt_near_square,matched_GT_box,one_to_one_class_matched_prediction_IoU_ge_0.5_with_GT_ar_ge_2.1,2.1,0.03,0.1,2,0.3,0.3656292289495468,D_cal-fit_only,CERTIFIED,True,False,4,1137,0.00701808040093608,0.004668534080298786,10,2142,0.39915966386554624,False,"strict binary image event; exact CP is secondary only, never the primary bounded loss"
D,FAIR1M-v1.0,rotated_retinanet_psc,detection_score,SECONDARY,image_has_any_geometry_normalized_severe,matched_gt_ar_ge_2.1_exclude_pred_or_gt_near_square,matched_GT_box,one_to_one_class_matched_prediction_IoU_ge_0.5_with_GT_ar_ge_2.1,2.1,0.03,0.1,3,0.4,0.34732419848442075,D_cal-fit_only,CERTIFIED,True,False,7,1137,0.010330888785780144,0.009337068160597572,20,2142,0.4211017740429505,False,"strict binary image event; exact CP is secondary only, never the primary bounded loss"
D,FAIR1M-v1.0,rotated_retinanet_psc,detection_score,SECONDARY,image_has_any_geometry_normalized_severe,matched_gt_ar_ge_2.1_exclude_pred_or_gt_near_square,matched_GT_box,one_to_one_class_matched_prediction_IoU_ge_0.5_with_GT_ar_ge_2.1,2.1,0.03,0.1,4,0.5,0.3265747129917145,D_cal-fit_only,CERTIFIED,True,False,8,1137,0.011403841341085071,0.01027077497665733,22,2142,0.4449112978524743,False,"strict binary image event; exact CP is secondary only, never the primary bounded loss"
D,FAIR1M-v1.0,rotated_retinanet_psc,detection_score,SECONDARY,image_has_any_geometry_normalized_severe,matched_gt_ar_ge_2.1_exclude_pred_or_gt_near_square,matched_GT_box,one_to_one_class_matched_prediction_IoU_ge_0.5_with_GT_ar_ge_2.1,2.1,0.03,0.1,5,0.6,0.30351732969284057,D_cal-fit_only,CERTIFIED,True,False,9,1137,0.012465665044112718,0.012605042016806723,27,2142,0.47245564892623715,False,"strict binary image event; exact CP is secondary only, never the primary bounded loss"
D,FAIR1M-v1.0,rotated_retinanet_psc,detection_score,SECONDARY,image_has_any_geometry_normalized_severe,matched_gt_ar_ge_2.1_exclude_pred_or_gt_near_square,matched_GT_box,one_to_one_class_matched_prediction_IoU_ge_0.5_with_GT_ar_ge_2.1,2.1,0.03,0.1,6,0.7,0.27264446616172794,D_cal-fit_only,CERTIFIED,True,False,14,1137,0.01765498563812933,0.01727357609710551,37,2142,0.496265172735761,False,"strict binary image event; exact CP is secondary only, never the primary bounded loss"
D,FAIR1M-v1.0,rotated_retinanet_psc,detection_score,SECONDARY,image_has_any_geometry_normalized_severe,matched_gt_ar_ge_2.1_exclude_pred_or_gt_near_square,matched_GT_box,one_to_one_class_matched_prediction_IoU_ge_0.5_with_GT_ar_ge_2.1,2.1,0.03,0.1,7,0.8,0.234371879696846,D_cal-fit_only,CERTIFIED,True,False,16,1137,0.01969023739760091,0.020074696545284782,43,2142,0.5219421101774043,False,"strict binary image event; exact CP is secondary only, never the primary bounded loss"
D,FAIR1M-v1.0,rotated_retinanet_psc,detection_score,SECONDARY,image_has_any_geometry_normalized_severe,matched_gt_ar_ge_2.1_exclude_pred_or_gt_near_square,matched_GT_box,one_to_one_class_matched_prediction_IoU_ge_0.5_with_GT_ar_ge_2.1,2.1,0.03,0.1,8,0.9,0.1831261023879051,D_cal-fit_only,CERTIFIED,True,True,22,1137,0.02570419370552729,0.022408963585434174,48,2142,0.5466853408029878,False,"strict binary image event; exact CP is secondary only, never the primary bounded loss"
D,FAIR1M-v1.0,rotated_retinanet_psc,detection_score,SECONDARY,image_has_any_geometry_normalized_severe,matched_gt_ar_ge_2.1_exclude_pred_or_gt_near_square,matched_GT_box,one_to_one_class_matched_prediction_IoU_ge_0.5_with_GT_ar_ge_2.1,2.1,0.03,0.1,9,1.0,0.05006488785147667,D_cal-fit_only,FIRST_FAILURE,False,False,27,1137,0.030638970662028614,0.03221288515406162,69,2142,0.5700280112044818,False,"strict binary image event; exact CP is secondary only, never the primary bounded loss"
D,FAIR1M-v1.0,rotated_retinanet_psc,detection_score,SECONDARY,image_has_any_geometry_normalized_severe,matched_gt_ar_ge_2.1_exclude_pred_or_gt_near_square,matched_GT_box,one_to_one_class_matched_prediction_IoU_ge_0.5_with_GT_ar_ge_2.1,2.1,0.05,0.1,0,0.1,0.41586804687976836,D_cal-fit_only,CERTIFIED,True,False,4,1137,0.00701808040093608,0.0009337068160597573,2,2142,0.2838468720821662,False,"strict binary image event; exact CP is secondary only, never the primary bounded loss"
D,FAIR1M-v1.0,rotated_retinanet_psc,detection_score,SECONDARY,image_has_any_geometry_normalized_severe,matched_gt_ar_ge_2.1_exclude_pred_or_gt_near_square,matched_GT_box,one_to_one_class_matched_prediction_IoU_ge_0.5_with_GT_ar_ge_2.1,2.1,0.05,0.1,1,0.2,0.3878975212574005,D_cal-fit_only,CERTIFIED,True,False,4,1137,0.00701808040093608,0.0032679738562091504,7,2142,0.3660130718954248,False,"strict binary image event; exact CP is secondary only, never the primary bounded loss"
D,FAIR1M-v1.0,rotated_retinanet_psc,detection_score,SECONDARY,image_has_any_geometry_normalized_severe,matched_gt_ar_ge_2.1_exclude_pred_or_gt_near_square,matched_GT_box,one_to_one_class_matched_prediction_IoU_ge_0.5_with_GT_ar_ge_2.1,2.1,0.05,0.1,2,0.3,0.3656292289495468,D_cal-fit_only,CERTIFIED,True,False,4,1137,0.00701808040093608,0.004668534080298786,10,2142,0.39915966386554624,False,"strict binary image event; exact CP is secondary only, never the primary bounded loss"
D,FAIR1M-v1.0,rotated_retinanet_psc,detection_score,SECONDARY,image_has_any_geometry_normalized_severe,matched_gt_ar_ge_2.1_exclude_pred_or_gt_near_square,matched_GT_box,one_to_one_class_matched_prediction_IoU_ge_0.5_with_GT_ar_ge_2.1,2.1,0.05,0.1,3,0.4,0.34732419848442075,D_cal-fit_only,CERTIFIED,True,False,7,1137,0.010330888785780144,0.009337068160597572,20,2142,0.4211017740429505,False,"strict binary image event; exact CP is secondary only, never the primary bounded loss"
D,FAIR1M-v1.0,rotated_retinanet_psc,detection_score,SECONDARY,image_has_any_geometry_normalized_severe,matched_gt_ar_ge_2.1_exclude_pred_or_gt_near_square,matched_GT_box,one_to_one_class_matched_prediction_IoU_ge_0.5_with_GT_ar_ge_2.1,2.1,0.05,0.1,4,0.5,0.3265747129917145,D_cal-fit_only,CERTIFIED,True,False,8,1137,0.011403841341085071,0.01027077497665733,22,2142,0.4449112978524743,False,"strict binary image event; exact CP is secondary only, never the primary bounded loss"
D,FAIR1M-v1.0,rotated_retinanet_psc,detection_score,SECONDARY,image_has_any_geometry_normalized_severe,matched_gt_ar_ge_2.1_exclude_pred_or_gt_near_square,matched_GT_box,one_to_one_class_matched_prediction_IoU_ge_0.5_with_GT_ar_ge_2.1,2.1,0.05,0.1,5,0.6,0.30351732969284057,D_cal-fit_only,CERTIFIED,True,False,9,1137,0.012465665044112718,0.012605042016806723,27,2142,0.47245564892623715,False,"strict binary image event; exact CP is secondary only, never the primary bounded loss"
D,FAIR1M-v1.0,rotated_retinanet_psc,detection_score,SECONDARY,image_has_any_geometry_normalized_severe,matched_gt_ar_ge_2.1_exclude_pred_or_gt_near_square,matched_GT_box,one_to_one_class_matched_prediction_IoU_ge_0.5_with_GT_ar_ge_2.1,2.1,0.05,0.1,6,0.7,0.27264446616172794,D_cal-fit_only,CERTIFIED,True,False,14,1137,0.01765498563812933,0.01727357609710551,37,2142,0.496265172735761,False,"strict binary image event; exact CP is secondary only, never the primary bounded loss"
D,FAIR1M-v1.0,rotated_retinanet_psc,detection_score,SECONDARY,image_has_any_geometry_normalized_severe,matched_gt_ar_ge_2.1_exclude_pred_or_gt_near_square,matched_GT_box,one_to_one_class_matched_prediction_IoU_ge_0.5_with_GT_ar_ge_2.1,2.1,0.05,0.1,7,0.8,0.234371879696846,D_cal-fit_only,CERTIFIED,True,False,16,1137,0.01969023739760091,0.020074696545284782,43,2142,0.5219421101774043,False,"strict binary image event; exact CP is secondary only, never the primary bounded loss"
D,FAIR1M-v1.0,rotated_retinanet_psc,detection_score,SECONDARY,image_has_any_geometry_normalized_severe,matched_gt_ar_ge_2.1_exclude_pred_or_gt_near_square,matched_GT_box,one_to_one_class_matched_prediction_IoU_ge_0.5_with_GT_ar_ge_2.1,2.1,0.05,0.1,8,0.9,0.1831261023879051,D_cal-fit_only,CERTIFIED,True,False,22,1137,0.02570419370552729,0.022408963585434174,48,2142,0.5466853408029878,False,"strict binary image event; exact CP is secondary only, never the primary bounded loss"
D,FAIR1M-v1.0,rotated_retinanet_psc,detection_score,SECONDARY,image_has_any_geometry_normalized_severe,matched_gt_ar_ge_2.1_exclude_pred_or_gt_near_square,matched_GT_box,one_to_one_class_matched_prediction_IoU_ge_0.5_with_GT_ar_ge_2.1,2.1,0.05,0.1,9,1.0,0.05006488785147667,D_cal-fit_only,CERTIFIED,True,True,27,1137,0.030638970662028614,0.03221288515406162,69,2142,0.5700280112044818,False,"strict binary image event; exact CP is secondary only, never the primary bounded loss"
D,FAIR1M-v1.0,rotated_retinanet_psc,detection_score,SECONDARY,image_has_any_geometry_normalized_severe,matched_gt_ar_ge_2.1_exclude_pred_or_gt_near_square,matched_GT_box,one_to_one_class_matched_prediction_IoU_ge_0.5_with_GT_ar_ge_2.1,2.1,0.1,0.1,0,0.1,0.41586804687976836,D_cal-fit_only,CERTIFIED,True,False,4,1137,0.00701808040093608,0.0009337068160597573,2,2142,0.2838468720821662,False,"strict binary image event; exact CP is secondary only, never the primary bounded loss"
D,FAIR1M-v1.0,rotated_retinanet_psc,detection_score,SECONDARY,image_has_any_geometry_normalized_severe,matched_gt_ar_ge_2.1_exclude_pred_or_gt_near_square,matched_GT_box,one_to_one_class_matched_prediction_IoU_ge_0.5_with_GT_ar_ge_2.1,2.1,0.1,0.1,1,0.2,0.3878975212574005,D_cal-fit_only,CERTIFIED,True,False,4,1137,0.00701808040093608,0.0032679738562091504,7,2142,0.3660130718954248,False,"strict binary image event; exact CP is secondary only, never the primary bounded loss"
D,FAIR1M-v1.0,rotated_retinanet_psc,detection_score,SECONDARY,image_has_any_geometry_normalized_severe,matched_gt_ar_ge_2.1_exclude_pred_or_gt_near_square,matched_GT_box,one_to_one_class_matched_prediction_IoU_ge_0.5_with_GT_ar_ge_2.1,2.1,0.1,0.1,2,0.3,0.3656292289495468,D_cal-fit_only,CERTIFIED,True,False,4,1137,0.00701808040093608,0.004668534080298786,10,2142,0.39915966386554624,False,"strict binary image event; exact CP is secondary only, never the primary bounded loss"
D,FAIR1M-v1.0,rotated_retinanet_psc,detection_score,SECONDARY,image_has_any_geometry_normalized_severe,matched_gt_ar_ge_2.1_exclude_pred_or_gt_near_square,matched_GT_box,one_to_one_class_matched_prediction_IoU_ge_0.5_with_GT_ar_ge_2.1,2.1,0.1,0.1,3,0.4,0.34732419848442075,D_cal-fit_only,CERTIFIED,True,False,7,1137,0.010330888785780144,0.009337068160597572,20,2142,0.4211017740429505,False,"strict binary image event; exact CP is secondary only, never the primary bounded loss"
D,FAIR1M-v1.0,rotated_retinanet_psc,detection_score,SECONDARY,image_has_any_geometry_normalized_severe,matched_gt_ar_ge_2.1_exclude_pred_or_gt_near_square,matched_GT_box,one_to_one_class_matched_prediction_IoU_ge_0.5_with_GT_ar_ge_2.1,2.1,0.1,0.1,4,0.5,0.3265747129917145,D_cal-fit_only,CERTIFIED,True,False,8,1137,0.011403841341085071,0.01027077497665733,22,2142,0.4449112978524743,False,"strict binary image event; exact CP is secondary only, never the primary bounded loss"
D,FAIR1M-v1.0,rotated_retinanet_psc,detection_score,SECONDARY,image_has_any_geometry_normalized_severe,matched_gt_ar_ge_2.1_exclude_pred_or_gt_near_square,matched_GT_box,one_to_one_class_matched_prediction_IoU_ge_0.5_with_GT_ar_ge_2.1,2.1,0.1,0.1,5,0.6,0.30351732969284057,D_cal-fit_only,CERTIFIED,True,False,9,1137,0.012465665044112718,0.012605042016806723,27,2142,0.47245564892623715,False,"strict binary image event; exact CP is secondary only, never the primary bounded loss"
D,FAIR1M-v1.0,rotated_retinanet_psc,detection_score,SECONDARY,image_has_any_geometry_normalized_severe,matched_gt_ar_ge_2.1_exclude_pred_or_gt_near_square,matched_GT_box,one_to_one_class_matched_prediction_IoU_ge_0.5_with_GT_ar_ge_2.1,2.1,0.1,0.1,6,0.7,0.27264446616172794,D_cal-fit_only,CERTIFIED,True,False,14,1137,0.01765498563812933,0.01727357609710551,37,2142,0.496265172735761,False,"strict binary image event; exact CP is secondary only, never the primary bounded loss"
D,FAIR1M-v1.0,rotated_retinanet_psc,detection_score,SECONDARY,image_has_any_geometry_normalized_severe,matched_gt_ar_ge_2.1_exclude_pred_or_gt_near_square,matched_GT_box,one_to_one_class_matched_prediction_IoU_ge_0.5_with_GT_ar_ge_2.1,2.1,0.1,0.1,7,0.8,0.234371879696846,D_cal-fit_only,CERTIFIED,True,False,16,1137,0.01969023739760091,0.020074696545284782,43,2142,0.5219421101774043,False,"strict binary image event; exact CP is secondary only, never the primary bounded loss"
D,FAIR1M-v1.0,rotated_retinanet_psc,detection_score,SECONDARY,image_has_any_geometry_normalized_severe,matched_gt_ar_ge_2.1_exclude_pred_or_gt_near_square,matched_GT_box,one_to_one_class_matched_prediction_IoU_ge_0.5_with_GT_ar_ge_2.1,2.1,0.1,0.1,8,0.9,0.1831261023879051,D_cal-fit_only,CERTIFIED,True,False,22,1137,0.02570419370552729,0.022408963585434174,48,2142,0.5466853408029878,False,"strict binary image event; exact CP is secondary only, never the primary bounded loss"
D,FAIR1M-v1.0,rotated_retinanet_psc,detection_score,SECONDARY,image_has_any_geometry_normalized_severe,matched_gt_ar_ge_2.1_exclude_pred_or_gt_near_square,matched_GT_box,one_to_one_class_matched_prediction_IoU_ge_0.5_with_GT_ar_ge_2.1,2.1,0.1,0.1,9,1.0,0.05006488785147667,D_cal-fit_only,CERTIFIED,True,True,27,1137,0.030638970662028614,0.03221288515406162,69,2142,0.5700280112044818,False,"strict binary image event; exact CP is secondary only, never the primary bounded loss"
E,SODA-A,rotated_retinanet_psc,detection_score,SECONDARY,image_has_any_geometry_normalized_severe,matched_gt_ar_ge_2.1_exclude_pred_or_gt_near_square,matched_GT_box,one_to_one_class_matched_prediction_IoU_ge_0.5_with_GT_ar_ge_2.1,2.1,0.03,0.1,0,0.1,0.5879227459430696,D_cal-fit_only,CERTIFIED,True,False,9,5717,0.0024837365638603567,0.0016490192674882833,19,11522,0.13921194237111612,False,"strict binary image event; exact CP is secondary only, never the primary bounded loss"
E,SODA-A,rotated_retinanet_psc,detection_score,SECONDARY,image_has_any_geometry_normalized_severe,matched_gt_ar_ge_2.1_exclude_pred_or_gt_near_square,matched_GT_box,one_to_one_class_matched_prediction_IoU_ge_0.5_with_GT_ar_ge_2.1,2.1,0.03,0.1,1,0.2,0.5052875995635987,D_cal-fit_only,CERTIFIED,True,False,13,5717,0.0033143399004127803,0.002343343169588613,27,11522,0.18729387259156396,False,"strict binary image event; exact CP is secondary only, never the primary bounded loss"
E,SODA-A,rotated_retinanet_psc,detection_score,SECONDARY,image_has_any_geometry_normalized_severe,matched_gt_ar_ge_2.1_exclude_pred_or_gt_near_square,matched_GT_box,one_to_one_class_matched_prediction_IoU_ge_0.5_with_GT_ar_ge_2.1,2.1,0.03,0.1,2,0.3,0.46448570489883423,D_cal-fit_only,CERTIFIED,True,False,15,5717,0.0037223460415217783,0.003037667071688943,35,11522,0.2166290574553029,False,"strict binary image event; exact CP is secondary only, never the primary bounded loss"
E,SODA-A,rotated_retinanet_psc,detection_score,SECONDARY,image_has_any_geometry_normalized_severe,matched_gt_ar_ge_2.1_exclude_pred_or_gt_near_square,matched_GT_box,one_to_one_class_matched_prediction_IoU_ge_0.5_with_GT_ar_ge_2.1,2.1,0.03,0.1,3,0.4,0.43343132138252255,D_cal-fit_only,CERTIFIED,True,False,18,5717,0.0043277342884356345,0.003731990973789273,43,11522,0.238934212810276,False,"strict binary image event; exact CP is secondary only, never the primary bounded loss"
E,SODA-A,rotated_retinanet_psc,detection_score,SECONDARY,image_has_any_geometry_normalized_severe,matched_gt_ar_ge_2.1_exclude_pred_or_gt_near_square,matched_GT_box,one_to_one_class_matched_prediction_IoU_ge_0.5_with_GT_ar_ge_2.1,2.1,0.03,0.1,4,0.5,0.4076087474822998,D_cal-fit_only,CERTIFIED,True,False,20,5717,0.0047277297396837205,0.00494705780246485,57,11522,0.2574205867036973,False,"strict binary image event; exact CP is secondary only, never the primary bounded loss"
E,SODA-A,rotated_retinanet_psc,detection_score,SECONDARY,image_has_any_geometry_normalized_severe,matched_gt_ar_ge_2.1_exclude_pred_or_gt_near_square,matched_GT_box,one_to_one_class_matched_prediction_IoU_ge_0.5_with_GT_ar_ge_2.1,2.1,0.03,0.1,5,0.6,0.3821240723133087,D_cal-fit_only,CERTIFIED,True,False,27,5717,0.006110705999335776,0.006075334143377886,70,11522,0.27278250303766705,False,"strict binary image event; exact CP is secondary only, never the primary bounded loss"
E,SODA-A,rotated_retinanet_psc,detection_score,SECONDARY,image_has_any_geometry_normalized_severe,matched_gt_ar_ge_2.1_exclude_pred_or_gt_near_square,matched_GT_box,one_to_one_class_matched_prediction_IoU_ge_0.5_with_GT_ar_ge_2.1,2.1,0.03,0.1,6,0.7,0.352670231461525,D_cal-fit_only,CERTIFIED,True,False,38,5717,0.008247123851861476,0.00850546780072904,98,11522,0.28953306717583754,False,"strict binary image event; exact CP is secondary only, never the primary bounded loss"
E,SODA-A,rotated_retinanet_psc,detection_score,SECONDARY,image_has_any_geometry_normalized_severe,matched_gt_ar_ge_2.1_exclude_pred_or_gt_near_square,matched_GT_box,one_to_one_class_matched_prediction_IoU_ge_0.5_with_GT_ar_ge_2.1,2.1,0.03,0.1,7,0.8,0.3104551911354065,D_cal-fit_only,CERTIFIED,True,False,46,5717,0.009781914709907311,0.010935601458080195,126,11522,0.3107099461898976,False,"strict binary image event; exact CP is secondary only, never the primary bounded loss"
E,SODA-A,rotated_retinanet_psc,detection_score,SECONDARY,image_has_any_geometry_normalized_severe,matched_gt_ar_ge_2.1_exclude_pred_or_gt_near_square,matched_GT_box,one_to_one_class_matched_prediction_IoU_ge_0.5_with_GT_ar_ge_2.1,2.1,0.03,0.1,8,0.9,0.23143865913152695,D_cal-fit_only,CERTIFIED,True,False,61,5717,0.012630633831407282,0.014320430480819301,165,11522,0.3307585488630446,False,"strict binary image event; exact CP is secondary only, never the primary bounded loss"
E,SODA-A,rotated_retinanet_psc,detection_score,SECONDARY,image_has_any_geometry_normalized_severe,matched_gt_ar_ge_2.1_exclude_pred_or_gt_near_square,matched_GT_box,one_to_one_class_matched_prediction_IoU_ge_0.5_with_GT_ar_ge_2.1,2.1,0.03,0.1,9,1.0,0.05006508156657219,D_cal-fit_only,CERTIFIED,True,True,95,5717,0.018999474619686416,0.01918069779552161,221,11522,0.35375802812011803,False,"strict binary image event; exact CP is secondary only, never the primary bounded loss"
E,SODA-A,rotated_retinanet_psc,detection_score,SECONDARY,image_has_any_geometry_normalized_severe,matched_gt_ar_ge_2.1_exclude_pred_or_gt_near_square,matched_GT_box,one_to_one_class_matched_prediction_IoU_ge_0.5_with_GT_ar_ge_2.1,2.1,0.05,0.1,0,0.1,0.5879227459430696,D_cal-fit_only,CERTIFIED,True,False,9,5717,0.0024837365638603567,0.0016490192674882833,19,11522,0.13921194237111612,False,"strict binary image event; exact CP is secondary only, never the primary bounded loss"
E,SODA-A,rotated_retinanet_psc,detection_score,SECONDARY,image_has_any_geometry_normalized_severe,matched_gt_ar_ge_2.1_exclude_pred_or_gt_near_square,matched_GT_box,one_to_one_class_matched_prediction_IoU_ge_0.5_with_GT_ar_ge_2.1,2.1,0.05,0.1,1,0.2,0.5052875995635987,D_cal-fit_only,CERTIFIED,True,False,13,5717,0.0033143399004127803,0.002343343169588613,27,11522,0.18729387259156396,False,"strict binary image event; exact CP is secondary only, never the primary bounded loss"
E,SODA-A,rotated_retinanet_psc,detection_score,SECONDARY,image_has_any_geometry_normalized_severe,matched_gt_ar_ge_2.1_exclude_pred_or_gt_near_square,matched_GT_box,one_to_one_class_matched_prediction_IoU_ge_0.5_with_GT_ar_ge_2.1,2.1,0.05,0.1,2,0.3,0.46448570489883423,D_cal-fit_only,CERTIFIED,True,False,15,5717,0.0037223460415217783,0.003037667071688943,35,11522,0.2166290574553029,False,"strict binary image event; exact CP is secondary only, never the primary bounded loss"
E,SODA-A,rotated_retinanet_psc,detection_score,SECONDARY,image_has_any_geometry_normalized_severe,matched_gt_ar_ge_2.1_exclude_pred_or_gt_near_square,matched_GT_box,one_to_one_class_matched_prediction_IoU_ge_0.5_with_GT_ar_ge_2.1,2.1,0.05,0.1,3,0.4,0.43343132138252255,D_cal-fit_only,CERTIFIED,True,False,18,5717,0.0043277342884356345,0.003731990973789273,43,11522,0.238934212810276,False,"strict binary image event; exact CP is secondary only, never the primary bounded loss"
E,SODA-A,rotated_retinanet_psc,detection_score,SECONDARY,image_has_any_geometry_normalized_severe,matched_gt_ar_ge_2.1_exclude_pred_or_gt_near_square,matched_GT_box,one_to_one_class_matched_prediction_IoU_ge_0.5_with_GT_ar_ge_2.1,2.1,0.05,0.1,4,0.5,0.4076087474822998,D_cal-fit_only,CERTIFIED,True,False,20,5717,0.0047277297396837205,0.00494705780246485,57,11522,0.2574205867036973,False,"strict binary image event; exact CP is secondary only, never the primary bounded loss"
E,SODA-A,rotated_retinanet_psc,detection_score,SECONDARY,image_has_any_geometry_normalized_severe,matched_gt_ar_ge_2.1_exclude_pred_or_gt_near_square,matched_GT_box,one_to_one_class_matched_prediction_IoU_ge_0.5_with_GT_ar_ge_2.1,2.1,0.05,0.1,5,0.6,0.3821240723133087,D_cal-fit_only,CERTIFIED,True,False,27,5717,0.006110705999335776,0.006075334143377886,70,11522,0.27278250303766705,False,"strict binary image event; exact CP is secondary only, never the primary bounded loss"
E,SODA-A,rotated_retinanet_psc,detection_score,SECONDARY,image_has_any_geometry_normalized_severe,matched_gt_ar_ge_2.1_exclude_pred_or_gt_near_square,matched_GT_box,one_to_one_class_matched_prediction_IoU_ge_0.5_with_GT_ar_ge_2.1,2.1,0.05,0.1,6,0.7,0.352670231461525,D_cal-fit_only,CERTIFIED,True,False,38,5717,0.008247123851861476,0.00850546780072904,98,11522,0.28953306717583754,False,"strict binary image event; exact CP is secondary only, never the primary bounded loss"
E,SODA-A,rotated_retinanet_psc,detection_score,SECONDARY,image_has_any_geometry_normalized_severe,matched_gt_ar_ge_2.1_exclude_pred_or_gt_near_square,matched_GT_box,one_to_one_class_matched_prediction_IoU_ge_0.5_with_GT_ar_ge_2.1,2.1,0.05,0.1,7,0.8,0.3104551911354065,D_cal-fit_only,CERTIFIED,True,False,46,5717,0.009781914709907311,0.010935601458080195,126,11522,0.3107099461898976,False,"strict binary image event; exact CP is secondary only, never the primary bounded loss"
E,SODA-A,rotated_retinanet_psc,detection_score,SECONDARY,image_has_any_geometry_normalized_severe,matched_gt_ar_ge_2.1_exclude_pred_or_gt_near_square,matched_GT_box,one_to_one_class_matched_prediction_IoU_ge_0.5_with_GT_ar_ge_2.1,2.1,0.05,0.1,8,0.9,0.23143865913152695,D_cal-fit_only,CERTIFIED,True,False,61,5717,0.012630633831407282,0.014320430480819301,165,11522,0.3307585488630446,False,"strict binary image event; exact CP is secondary only, never the primary bounded loss"
E,SODA-A,rotated_retinanet_psc,detection_score,SECONDARY,image_has_any_geometry_normalized_severe,matched_gt_ar_ge_2.1_exclude_pred_or_gt_near_square,matched_GT_box,one_to_one_class_matched_prediction_IoU_ge_0.5_with_GT_ar_ge_2.1,2.1,0.05,0.1,9,1.0,0.05006508156657219,D_cal-fit_only,CERTIFIED,True,True,95,5717,0.018999474619686416,0.01918069779552161,221,11522,0.35375802812011803,False,"strict binary image event; exact CP is secondary only, never the primary bounded loss"
E,SODA-A,rotated_retinanet_psc,detection_score,SECONDARY,image_has_any_geometry_normalized_severe,matched_gt_ar_ge_2.1_exclude_pred_or_gt_near_square,matched_GT_box,one_to_one_class_matched_prediction_IoU_ge_0.5_with_GT_ar_ge_2.1,2.1,0.1,0.1,0,0.1,0.5879227459430696,D_cal-fit_only,CERTIFIED,True,False,9,5717,0.0024837365638603567,0.0016490192674882833,19,11522,0.13921194237111612,False,"strict binary image event; exact CP is secondary only, never the primary bounded loss"
E,SODA-A,rotated_retinanet_psc,detection_score,SECONDARY,image_has_any_geometry_normalized_severe,matched_gt_ar_ge_2.1_exclude_pred_or_gt_near_square,matched_GT_box,one_to_one_class_matched_prediction_IoU_ge_0.5_with_GT_ar_ge_2.1,2.1,0.1,0.1,1,0.2,0.5052875995635987,D_cal-fit_only,CERTIFIED,True,False,13,5717,0.0033143399004127803,0.002343343169588613,27,11522,0.18729387259156396,False,"strict binary image event; exact CP is secondary only, never the primary bounded loss"
E,SODA-A,rotated_retinanet_psc,detection_score,SECONDARY,image_has_any_geometry_normalized_severe,matched_gt_ar_ge_2.1_exclude_pred_or_gt_near_square,matched_GT_box,one_to_one_class_matched_prediction_IoU_ge_0.5_with_GT_ar_ge_2.1,2.1,0.1,0.1,2,0.3,0.46448570489883423,D_cal-fit_only,CERTIFIED,True,False,15,5717,0.0037223460415217783,0.003037667071688943,35,11522,0.2166290574553029,False,"strict binary image event; exact CP is secondary only, never the primary bounded loss"
E,SODA-A,rotated_retinanet_psc,detection_score,SECONDARY,image_has_any_geometry_normalized_severe,matched_gt_ar_ge_2.1_exclude_pred_or_gt_near_square,matched_GT_box,one_to_one_class_matched_prediction_IoU_ge_0.5_with_GT_ar_ge_2.1,2.1,0.1,0.1,3,0.4,0.43343132138252255,D_cal-fit_only,CERTIFIED,True,False,18,5717,0.0043277342884356345,0.003731990973789273,43,11522,0.238934212810276,False,"strict binary image event; exact CP is secondary only, never the primary bounded loss"
E,SODA-A,rotated_retinanet_psc,detection_score,SECONDARY,image_has_any_geometry_normalized_severe,matched_gt_ar_ge_2.1_exclude_pred_or_gt_near_square,matched_GT_box,one_to_one_class_matched_prediction_IoU_ge_0.5_with_GT_ar_ge_2.1,2.1,0.1,0.1,4,0.5,0.4076087474822998,D_cal-fit_only,CERTIFIED,True,False,20,5717,0.0047277297396837205,0.00494705780246485,57,11522,0.2574205867036973,False,"strict binary image event; exact CP is secondary only, never the primary bounded loss"
E,SODA-A,rotated_retinanet_psc,detection_score,SECONDARY,image_has_any_geometry_normalized_severe,matched_gt_ar_ge_2.1_exclude_pred_or_gt_near_square,matched_GT_box,one_to_one_class_matched_prediction_IoU_ge_0.5_with_GT_ar_ge_2.1,2.1,0.1,0.1,5,0.6,0.3821240723133087,D_cal-fit_only,CERTIFIED,True,False,27,5717,0.006110705999335776,0.006075334143377886,70,11522,0.27278250303766705,False,"strict binary image event; exact CP is secondary only, never the primary bounded loss"
E,SODA-A,rotated_retinanet_psc,detection_score,SECONDARY,image_has_any_geometry_normalized_severe,matched_gt_ar_ge_2.1_exclude_pred_or_gt_near_square,matched_GT_box,one_to_one_class_matched_prediction_IoU_ge_0.5_with_GT_ar_ge_2.1,2.1,0.1,0.1,6,0.7,0.352670231461525,D_cal-fit_only,CERTIFIED,True,False,38,5717,0.008247123851861476,0.00850546780072904,98,11522,0.28953306717583754,False,"strict binary image event; exact CP is secondary only, never the primary bounded loss"
E,SODA-A,rotated_retinanet_psc,detection_score,SECONDARY,image_has_any_geometry_normalized_severe,matched_gt_ar_ge_2.1_exclude_pred_or_gt_near_square,matched_GT_box,one_to_one_class_matched_prediction_IoU_ge_0.5_with_GT_ar_ge_2.1,2.1,0.1,0.1,7,0.8,0.3104551911354065,D_cal-fit_only,CERTIFIED,True,False,46,5717,0.009781914709907311,0.010935601458080195,126,11522,0.3107099461898976,False,"strict binary image event; exact CP is secondary only, never the primary bounded loss"
E,SODA-A,rotated_retinanet_psc,detection_score,SECONDARY,image_has_any_geometry_normalized_severe,matched_gt_ar_ge_2.1_exclude_pred_or_gt_near_square,matched_GT_box,one_to_one_class_matched_prediction_IoU_ge_0.5_with_GT_ar_ge_2.1,2.1,0.1,0.1,8,0.9,0.23143865913152695,D_cal-fit_only,CERTIFIED,True,False,61,5717,0.012630633831407282,0.014320430480819301,165,11522,0.3307585488630446,False,"strict binary image event; exact CP is secondary only, never the primary bounded loss"
E,SODA-A,rotated_retinanet_psc,detection_score,SECONDARY,image_has_any_geometry_normalized_severe,matched_gt_ar_ge_2.1_exclude_pred_or_gt_near_square,matched_GT_box,one_to_one_class_matched_prediction_IoU_ge_0.5_with_GT_ar_ge_2.1,2.1,0.1,0.1,9,1.0,0.05006508156657219,D_cal-fit_only,CERTIFIED,True,True,95,5717,0.018999474619686416,0.01918069779552161,221,11522,0.35375802812011803,False,"strict binary image event; exact CP is secondary only, never the primary bounded loss"
F,SODA-A,oriented_rcnn,detection_score,SECONDARY,image_has_any_geometry_normalized_severe,matched_gt_ar_ge_2.1_exclude_pred_or_gt_near_square,matched_GT_box,one_to_one_class_matched_prediction_IoU_ge_0.5_with_GT_ar_ge_2.1,2.1,0.03,0.1,0,0.1,0.989492654800415,D_cal-fit_only,CERTIFIED,True,False,4,5717,0.0013977257097686274,0.0005207429265752473,6,11522,0.1261065787189724,False,"strict binary image event; exact CP is secondary only, never the primary bounded loss"
F,SODA-A,oriented_rcnn,detection_score,SECONDARY,image_has_any_geometry_normalized_severe,matched_gt_ar_ge_2.1_exclude_pred_or_gt_near_square,matched_GT_box,one_to_one_class_matched_prediction_IoU_ge_0.5_with_GT_ar_ge_2.1,2.1,0.03,0.1,1,0.2,0.979494047164917,D_cal-fit_only,CERTIFIED,True,False,10,5717,0.002693607756498939,0.001562228779725742,18,11522,0.18902968234681478,False,"strict binary image event; exact CP is secondary only, never the primary bounded loss"
F,SODA-A,oriented_rcnn,detection_score,SECONDARY,image_has_any_geometry_normalized_severe,matched_gt_ar_ge_2.1_exclude_pred_or_gt_near_square,matched_GT_box,one_to_one_class_matched_prediction_IoU_ge_0.5_with_GT_ar_ge_2.1,2.1,0.03,0.1,2,0.3,0.9663411855697632,D_cal-fit_only,CERTIFIED,True,False,14,5717,0.003518842451788848,0.002430133657351154,28,11522,0.22582884915813226,False,"strict binary image event; exact CP is secondary only, never the primary bounded loss"
F,SODA-A,oriented_rcnn,detection_score,SECONDARY,image_has_any_geometry_normalized_severe,matched_gt_ar_ge_2.1_exclude_pred_or_gt_near_square,matched_GT_box,one_to_one_class_matched_prediction_IoU_ge_0.5_with_GT_ar_ge_2.1,2.1,0.03,0.1,3,0.4,0.9470474243164063,D_cal-fit_only,CERTIFIED,True,False,20,5717,0.0047277297396837205,0.0032112480472140255,37,11522,0.2616733206040618,False,"strict binary image event; exact CP is secondary only, never the primary bounded loss"
F,SODA-A,oriented_rcnn,detection_score,SECONDARY,image_has_any_geometry_normalized_severe,matched_gt_ar_ge_2.1_exclude_pred_or_gt_near_square,matched_GT_box,one_to_one_class_matched_prediction_IoU_ge_0.5_with_GT_ar_ge_2.1,2.1,0.03,0.1,4,0.5,0.916856050491333,D_cal-fit_only,CERTIFIED,True,False,29,5717,0.006501978677092721,0.004339524388127061,50,11522,0.2910085054678007,False,"strict binary image event; exact CP is secondary only, never the primary bounded loss"
F,SODA-A,oriented_rcnn,detection_score,SECONDARY,image_has_any_geometry_normalized_severe,matched_gt_ar_ge_2.1_exclude_pred_or_gt_near_square,matched_GT_box,one_to_one_class_matched_prediction_IoU_ge_0.5_with_GT_ar_ge_2.1,2.1,0.03,0.1,5,0.6,0.8698495507240296,D_cal-fit_only,CERTIFIED,True,False,45,5717,0.009590754714499652,0.007290400972053463,84,11522,0.3092345078979344,False,"strict binary image event; exact CP is secondary only, never the primary bounded loss"
F,SODA-A,oriented_rcnn,detection_score,SECONDARY,image_has_any_geometry_normalized_severe,matched_gt_ar_ge_2.1_exclude_pred_or_gt_near_square,matched_GT_box,one_to_one_class_matched_prediction_IoU_ge_0.5_with_GT_ar_ge_2.1,2.1,0.03,0.1,6,0.7,0.7904945313930514,D_cal-fit_only,CERTIFIED,True,False,59,5717,0.012252579096093324,0.010501649019267489,121,11522,0.32424926228085404,False,"strict binary image event; exact CP is secondary only, never the primary bounded loss"
F,SODA-A,oriented_rcnn,detection_score,SECONDARY,image_has_any_geometry_normalized_severe,matched_gt_ar_ge_2.1_exclude_pred_or_gt_near_square,matched_GT_box,one_to_one_class_matched_prediction_IoU_ge_0.5_with_GT_ar_ge_2.1,2.1,0.03,0.1,7,0.8,0.6538821697235107,D_cal-fit_only,CERTIFIED,True,False,80,5717,0.01620139299738516,0.015014754382919632,173,11522,0.33570560666550947,False,"strict binary image event; exact CP is secondary only, never the primary bounded loss"
F,SODA-A,oriented_rcnn,detection_score,SECONDARY,image_has_any_geometry_normalized_severe,matched_gt_ar_ge_2.1_exclude_pred_or_gt_near_square,matched_GT_box,one_to_one_class_matched_prediction_IoU_ge_0.5_with_GT_ar_ge_2.1,2.1,0.03,0.1,8,0.9,0.41923723518848416,D_cal-fit_only,CERTIFIED,True,False,112,5717,0.022153966165854622,0.02187120291616039,252,11522,0.34646762714806456,False,"strict binary image event; exact CP is secondary only, never the primary bounded loss"
F,SODA-A,oriented_rcnn,detection_score,SECONDARY,image_has_any_geometry_normalized_severe,matched_gt_ar_ge_2.1_exclude_pred_or_gt_near_square,matched_GT_box,one_to_one_class_matched_prediction_IoU_ge_0.5_with_GT_ar_ge_2.1,2.1,0.03,0.1,9,1.0,0.050015728920698166,D_cal-fit_only,CERTIFIED,True,True,148,5717,0.028790923206779038,0.02890123242492623,333,11522,0.3575768095816699,False,"strict binary image event; exact CP is secondary only, never the primary bounded loss"
F,SODA-A,oriented_rcnn,detection_score,SECONDARY,image_has_any_geometry_normalized_severe,matched_gt_ar_ge_2.1_exclude_pred_or_gt_near_square,matched_GT_box,one_to_one_class_matched_prediction_IoU_ge_0.5_with_GT_ar_ge_2.1,2.1,0.05,0.1,0,0.1,0.989492654800415,D_cal-fit_only,CERTIFIED,True,False,4,5717,0.0013977257097686274,0.0005207429265752473,6,11522,0.1261065787189724,False,"strict binary image event; exact CP is secondary only, never the primary bounded loss"
F,SODA-A,oriented_rcnn,detection_score,SECONDARY,image_has_any_geometry_normalized_severe,matched_gt_ar_ge_2.1_exclude_pred_or_gt_near_square,matched_GT_box,one_to_one_class_matched_prediction_IoU_ge_0.5_with_GT_ar_ge_2.1,2.1,0.05,0.1,1,0.2,0.979494047164917,D_cal-fit_only,CERTIFIED,True,False,10,5717,0.002693607756498939,0.001562228779725742,18,11522,0.18902968234681478,False,"strict binary image event; exact CP is secondary only, never the primary bounded loss"
F,SODA-A,oriented_rcnn,detection_score,SECONDARY,image_has_any_geometry_normalized_severe,matched_gt_ar_ge_2.1_exclude_pred_or_gt_near_square,matched_GT_box,one_to_one_class_matched_prediction_IoU_ge_0.5_with_GT_ar_ge_2.1,2.1,0.05,0.1,2,0.3,0.9663411855697632,D_cal-fit_only,CERTIFIED,True,False,14,5717,0.003518842451788848,0.002430133657351154,28,11522,0.22582884915813226,False,"strict binary image event; exact CP is secondary only, never the primary bounded loss"
F,SODA-A,oriented_rcnn,detection_score,SECONDARY,image_has_any_geometry_normalized_severe,matched_gt_ar_ge_2.1_exclude_pred_or_gt_near_square,matched_GT_box,one_to_one_class_matched_prediction_IoU_ge_0.5_with_GT_ar_ge_2.1,2.1,0.05,0.1,3,0.4,0.9470474243164063,D_cal-fit_only,CERTIFIED,True,False,20,5717,0.0047277297396837205,0.0032112480472140255,37,11522,0.2616733206040618,False,"strict binary image event; exact CP is secondary only, never the primary bounded loss"
F,SODA-A,oriented_rcnn,detection_score,SECONDARY,image_has_any_geometry_normalized_severe,matched_gt_ar_ge_2.1_exclude_pred_or_gt_near_square,matched_GT_box,one_to_one_class_matched_prediction_IoU_ge_0.5_with_GT_ar_ge_2.1,2.1,0.05,0.1,4,0.5,0.916856050491333,D_cal-fit_only,CERTIFIED,True,False,29,5717,0.006501978677092721,0.004339524388127061,50,11522,0.2910085054678007,False,"strict binary image event; exact CP is secondary only, never the primary bounded loss"
F,SODA-A,oriented_rcnn,detection_score,SECONDARY,image_has_any_geometry_normalized_severe,matched_gt_ar_ge_2.1_exclude_pred_or_gt_near_square,matched_GT_box,one_to_one_class_matched_prediction_IoU_ge_0.5_with_GT_ar_ge_2.1,2.1,0.05,0.1,5,0.6,0.8698495507240296,D_cal-fit_only,CERTIFIED,True,False,45,5717,0.009590754714499652,0.007290400972053463,84,11522,0.3092345078979344,False,"strict binary image event; exact CP is secondary only, never the primary bounded loss"
F,SODA-A,oriented_rcnn,detection_score,SECONDARY,image_has_any_geometry_normalized_severe,matched_gt_ar_ge_2.1_exclude_pred_or_gt_near_square,matched_GT_box,one_to_one_class_matched_prediction_IoU_ge_0.5_with_GT_ar_ge_2.1,2.1,0.05,0.1,6,0.7,0.7904945313930514,D_cal-fit_only,CERTIFIED,True,False,59,5717,0.012252579096093324,0.010501649019267489,121,11522,0.32424926228085404,False,"strict binary image event; exact CP is secondary only, never the primary bounded loss"
F,SODA-A,oriented_rcnn,detection_score,SECONDARY,image_has_any_geometry_normalized_severe,matched_gt_ar_ge_2.1_exclude_pred_or_gt_near_square,matched_GT_box,one_to_one_class_matched_prediction_IoU_ge_0.5_with_GT_ar_ge_2.1,2.1,0.05,0.1,7,0.8,0.6538821697235107,D_cal-fit_only,CERTIFIED,True,False,80,5717,0.01620139299738516,0.015014754382919632,173,11522,0.33570560666550947,False,"strict binary image event; exact CP is secondary only, never the primary bounded loss"
F,SODA-A,oriented_rcnn,detection_score,SECONDARY,image_has_any_geometry_normalized_severe,matched_gt_ar_ge_2.1_exclude_pred_or_gt_near_square,matched_GT_box,one_to_one_class_matched_prediction_IoU_ge_0.5_with_GT_ar_ge_2.1,2.1,0.05,0.1,8,0.9,0.41923723518848416,D_cal-fit_only,CERTIFIED,True,False,112,5717,0.022153966165854622,0.02187120291616039,252,11522,0.34646762714806456,False,"strict binary image event; exact CP is secondary only, never the primary bounded loss"
F,SODA-A,oriented_rcnn,detection_score,SECONDARY,image_has_any_geometry_normalized_severe,matched_gt_ar_ge_2.1_exclude_pred_or_gt_near_square,matched_GT_box,one_to_one_class_matched_prediction_IoU_ge_0.5_with_GT_ar_ge_2.1,2.1,0.05,0.1,9,1.0,0.050015728920698166,D_cal-fit_only,CERTIFIED,True,True,148,5717,0.028790923206779038,0.02890123242492623,333,11522,0.3575768095816699,False,"strict binary image event; exact CP is secondary only, never the primary bounded loss"
F,SODA-A,oriented_rcnn,detection_score,SECONDARY,image_has_any_geometry_normalized_severe,matched_gt_ar_ge_2.1_exclude_pred_or_gt_near_square,matched_GT_box,one_to_one_class_matched_prediction_IoU_ge_0.5_with_GT_ar_ge_2.1,2.1,0.1,0.1,0,0.1,0.989492654800415,D_cal-fit_only,CERTIFIED,True,False,4,5717,0.0013977257097686274,0.0005207429265752473,6,11522,0.1261065787189724,False,"strict binary image event; exact CP is secondary only, never the primary bounded loss"
F,SODA-A,oriented_rcnn,detection_score,SECONDARY,image_has_any_geometry_normalized_severe,matched_gt_ar_ge_2.1_exclude_pred_or_gt_near_square,matched_GT_box,one_to_one_class_matched_prediction_IoU_ge_0.5_with_GT_ar_ge_2.1,2.1,0.1,0.1,1,0.2,0.979494047164917,D_cal-fit_only,CERTIFIED,True,False,10,5717,0.002693607756498939,0.001562228779725742,18,11522,0.18902968234681478,False,"strict binary image event; exact CP is secondary only, never the primary bounded loss"
F,SODA-A,oriented_rcnn,detection_score,SECONDARY,image_has_any_geometry_normalized_severe,matched_gt_ar_ge_2.1_exclude_pred_or_gt_near_square,matched_GT_box,one_to_one_class_matched_prediction_IoU_ge_0.5_with_GT_ar_ge_2.1,2.1,0.1,0.1,2,0.3,0.9663411855697632,D_cal-fit_only,CERTIFIED,True,False,14,5717,0.003518842451788848,0.002430133657351154,28,11522,0.22582884915813226,False,"strict binary image event; exact CP is secondary only, never the primary bounded loss"
F,SODA-A,oriented_rcnn,detection_score,SECONDARY,image_has_any_geometry_normalized_severe,matched_gt_ar_ge_2.1_exclude_pred_or_gt_near_square,matched_GT_box,one_to_one_class_matched_prediction_IoU_ge_0.5_with_GT_ar_ge_2.1,2.1,0.1,0.1,3,0.4,0.9470474243164063,D_cal-fit_only,CERTIFIED,True,False,20,5717,0.0047277297396837205,0.0032112480472140255,37,11522,0.2616733206040618,False,"strict binary image event; exact CP is secondary only, never the primary bounded loss"
F,SODA-A,oriented_rcnn,detection_score,SECONDARY,image_has_any_geometry_normalized_severe,matched_gt_ar_ge_2.1_exclude_pred_or_gt_near_square,matched_GT_box,one_to_one_class_matched_prediction_IoU_ge_0.5_with_GT_ar_ge_2.1,2.1,0.1,0.1,4,0.5,0.916856050491333,D_cal-fit_only,CERTIFIED,True,False,29,5717,0.006501978677092721,0.004339524388127061,50,11522,0.2910085054678007,False,"strict binary image event; exact CP is secondary only, never the primary bounded loss"
F,SODA-A,oriented_rcnn,detection_score,SECONDARY,image_has_any_geometry_normalized_severe,matched_gt_ar_ge_2.1_exclude_pred_or_gt_near_square,matched_GT_box,one_to_one_class_matched_prediction_IoU_ge_0.5_with_GT_ar_ge_2.1,2.1,0.1,0.1,5,0.6,0.8698495507240296,D_cal-fit_only,CERTIFIED,True,False,45,5717,0.009590754714499652,0.007290400972053463,84,11522,0.3092345078979344,False,"strict binary image event; exact CP is secondary only, never the primary bounded loss"
F,SODA-A,oriented_rcnn,detection_score,SECONDARY,image_has_any_geometry_normalized_severe,matched_gt_ar_ge_2.1_exclude_pred_or_gt_near_square,matched_GT_box,one_to_one_class_matched_prediction_IoU_ge_0.5_with_GT_ar_ge_2.1,2.1,0.1,0.1,6,0.7,0.7904945313930514,D_cal-fit_only,CERTIFIED,True,False,59,5717,0.012252579096093324,0.010501649019267489,121,11522,0.32424926228085404,False,"strict binary image event; exact CP is secondary only, never the primary bounded loss"
F,SODA-A,oriented_rcnn,detection_score,SECONDARY,image_has_any_geometry_normalized_severe,matched_gt_ar_ge_2.1_exclude_pred_or_gt_near_square,matched_GT_box,one_to_one_class_matched_prediction_IoU_ge_0.5_with_GT_ar_ge_2.1,2.1,0.1,0.1,7,0.8,0.6538821697235107,D_cal-fit_only,CERTIFIED,True,False,80,5717,0.01620139299738516,0.015014754382919632,173,11522,0.33570560666550947,False,"strict binary image event; exact CP is secondary only, never the primary bounded loss"
F,SODA-A,oriented_rcnn,detection_score,SECONDARY,image_has_any_geometry_normalized_severe,matched_gt_ar_ge_2.1_exclude_pred_or_gt_near_square,matched_GT_box,one_to_one_class_matched_prediction_IoU_ge_0.5_with_GT_ar_ge_2.1,2.1,0.1,0.1,8,0.9,0.41923723518848416,D_cal-fit_only,CERTIFIED,True,False,112,5717,0.022153966165854622,0.02187120291616039,252,11522,0.34646762714806456,False,"strict binary image event; exact CP is secondary only, never the primary bounded loss"
F,SODA-A,oriented_rcnn,detection_score,SECONDARY,image_has_any_geometry_normalized_severe,matched_gt_ar_ge_2.1_exclude_pred_or_gt_near_square,matched_GT_box,one_to_one_class_matched_prediction_IoU_ge_0.5_with_GT_ar_ge_2.1,2.1,0.1,0.1,9,1.0,0.050015728920698166,D_cal-fit_only,CERTIFIED,True,True,148,5717,0.028790923206779038,0.02890123242492623,333,11522,0.3575768095816699,False,"strict binary image event; exact CP is secondary only, never the primary bounded loss"
